id,brand,model,reference,dialColor,watchType,sourceUrl,communitySignal,verificationStatus
tudor-91210n,Tudor,North Flag,91210N,Black,Sport,https://www.tudorwatch.com/en/tudor-mag/tudor-history,enthusiast_icon,identity_seeded_specs_pending
tudor-79280,Tudor,Prince Date Chronograph,79280,Silver,Chronograph,https://www.tudorwatch.com/en/tudor-mag/tudor-history,heritage_pick,identity_seeded_specs_pending
grand-seiko-slgh005,Grand Seiko,Evolution 9 White Birch,SLGH005,Silver,Sport,https://www.grand-seiko.com/us-en/collections/slgh005g,curated,identity_seeded_specs_verified
tudor-79030b,Tudor,Black Bay 58,79030B,,Diver,,thewatchapi:ref-list,identity_seeded_specs_pending
tudor-79030n,Tudor,Black Bay 58,79030N,,Diver,,thewatchapi:ref-list,identity_seeded_specs_pending
tudor-79230b,Tudor,Black Bay,79230B,,Diver,,thewatchapi:ref-list,identity_seeded_specs_pending
tudor-79230n,Tudor,Black Bay,79230N,,Diver,,thewatchapi:ref-list,identity_seeded_specs_pending
tudor-79230r,Tudor,Black Bay,79230R,,Diver,,thewatchapi:ref-list,identity_seeded_specs_pending
tudor-79733n,Tudor,Black Bay GMT,79733N,,Diver,,thewatchapi:ref-list,identity_seeded_specs_pending
tudor-79230dk,Tudor,Black Bay,79230DK,,Diver,,thewatchapi:ref-list,identity_seeded_specs_pending
tudor-m79540-0006,Tudor,Black Bay 41,M79540-0006,Black,Diver,,curated,identity_seeded_specs_verified
grand-seiko-sbga413,Grand Seiko,Heritage Shunbun,SBGA413,Pink,Sport,https://www.grand-seiko.com/us-en/collections/sbga413g,curated,identity_seeded_specs_verified
tudor-79230,Tudor,Black Bay,79230,,Diver,,thewatchapi:ref-list,identity_seeded_specs_pending
omega-1212-10-00,Omega,Constellation,1212.10.00,Champagne,Dress,,kaggle:watch_db,identity_seeded_specs_partial
omega-131-13-34-20-02-001,Omega,Constellation,131.13.34.20.02.001,Silver,Chronograph,,kaggle:watch_db,identity_seeded_specs_partial
omega-131-20-39-20-02-001,Omega,Constellation,131.20.39.20.02.001,Silver,Chronograph,,kaggle:watch_db,identity_seeded_specs_partial
omega-1528-46-00,Omega,Constellation,1528.46.00,Black,Integrated Bracelet,,kaggle:watch_db,identity_seeded_specs_partial
omega-220-52-41-21-03-002,Omega,Aqua Terra,220.52.41.21.03.002,Blue,Chronograph,,kaggle:watch_db,identity_seeded_specs_partial
omega-221-10-42-40-01-001,Omega,Aqua Terra,221.10.42.40.01.001,Black,Chronograph,,kaggle:watch_db,identity_seeded_specs_partial
omega-2521-81-00,Omega,Seamaster 120M,2521.81.00,Blue,Diver,,kaggle:watch_db,identity_seeded_specs_partial
omega-2598-20-00,Omega,Seamaster Diver 300M,2598.20.00,White,Diver,,kaggle:watch_db,identity_seeded_specs_partial
omega-3513-20-00,Omega,Speedmaster (Non-Moonwatch),3513.20.00,Black,Chronograph,,kaggle:watch_db,identity_seeded_specs_partial
omega-3802-70-56,Omega,Speedmaster Reduced,3802.70.56,Pink,Chronograph,,kaggle:watch_db,identity_seeded_specs_partial
omega-433-10-41-22-02-001,Omega,De Ville,433.10.41.22.02.001,Silver,Chronograph,,kaggle:watch_db,identity_seeded_specs_partial
tudor-79230b-0002,Tudor,Black Bay,79230b-0002,Black,Diver,,kaggle:watch_db,identity_seeded_specs_partial
omega-131-25-34-20-55-001,Omega,Constellation,131.25.34.20.55.001,White,Chronograph,,kaggle:watch_db,identity_seeded_specs_partial
omega-220-23-34-20-60-001,Omega,Aqua Terra,220.23.34.20.60.001,Pink,Chronograph,,kaggle:watch_db,identity_seeded_specs_partial
omega-220-23-38-20-59-001,Omega,Aqua Terra,220.23.38.20.59.001,Beige,Chronograph,,kaggle:watch_db,identity_seeded_specs_partial
omega-220-23-38-20-60-001,Omega,Aqua Terra,220.23.38.20.60.001,Green,Chronograph,,kaggle:watch_db,identity_seeded_specs_partial
omega-220-52-41-21-02-001,Omega,Aqua Terra,220.52.41.21.02.001,Silver,Chronograph,,kaggle:watch_db,identity_seeded_specs_partial
omega-3510-80-00,Omega,Speedmaster Reduced,3510.80.00,Blue,Chronograph,,kaggle:watch_db,identity_seeded_specs_partial
omega-3556-50-00,Omega,Speedmaster Broad Arrow,3556.50.00,Black,Chronograph,,kaggle:watch_db,identity_seeded_specs_partial
omega-3875-20-37,Omega,Speedmaster Moonwatch,3875.20.37,Ivory,Chronograph,,kaggle:watch_db,identity_seeded_specs_partial
omega-434-13-34-20-53-002,Omega,De Ville,434.13.34.20.53.002,Blue,Chronograph,,kaggle:watch_db,identity_seeded_specs_partial
omega-434-20-30-60-05-001,Omega,De Ville,434.20.30.60.05.001,White,Dress,,kaggle:watch_db,identity_seeded_specs_partial
omega-522-53-41-21-03-001,Omega,Aqua Terra,522.53.41.21.03.001,Blue,Chronograph,,kaggle:watch_db,identity_seeded_specs_partial
omega-210-30-42-20-03-003,Omega,Seamaster Diver 300M,210.30.42.20.03.003,,Diver,,thewatchapi:ref-list,identity_seeded_specs_pending
omega-111-10-36-20-52-001,Omega,Constellation,111.10.36.20.52.001,Silver,Sport,,kaggle:watch_db,identity_seeded_specs_partial
omega-131-28-34-20-55-001,Omega,Constellation,131.28.34.20.55.001,White,Chronograph,,kaggle:watch_db,identity_seeded_specs_partial
omega-131-50-29-20-53-001,Omega,Constellation,131.50.29.20.53.001,Blue,Chronograph,,kaggle:watch_db,identity_seeded_specs_partial
omega-1584-79-00,Omega,Constellation,1584.79.00,White,Dress,,kaggle:watch_db,identity_seeded_specs_partial
omega-232-90-44-22-03-001,Omega,Seamaster Planet Ocean,232.90.44.22.03.001,Blue,GMT,,kaggle:watch_db,identity_seeded_specs_partial
omega-2503-80-00,Omega,Aqua Terra,2503.80.00,Blue,Sport,,kaggle:watch_db,identity_seeded_specs_partial
omega-2511-81-00,Omega,Seamaster 120M,2511.81.00,Blue,Diver,,kaggle:watch_db,identity_seeded_specs_partial
omega-2562-80-00,Omega,Seamaster Diver 300M,2562.80.00,Blue,Diver,,kaggle:watch_db,identity_seeded_specs_partial
omega-4540-31-00,Omega,De Ville,4540.31.00,Silver,Chronograph,,kaggle:watch_db,identity_seeded_specs_partial
tudor-79500-0005,Tudor,Black Bay One,79500-0005,Blue,Diver,,kaggle:watch_db,identity_seeded_specs_partial
tudor-79733n-0004,Tudor,Black Bay,79733N-0004,Champagne,Diver,,kaggle:watch_db,identity_seeded_specs_partial
omega-318-90-45-79-01-003,Omega,X-33 / Z-33,318.90.45.79.01.003,Black,Chronograph,,kaggle:watch_db,identity_seeded_specs_partial
longines-l3-781-4-96-6,Longines,HydroConquest,L3.781.4.96.6,Blue,Diver,https://www.longines.com/en-us/collection/hydroconquest,reddit_under_5k_signal,identity_seeded_specs_pending
omega-1242-30-00,Omega,Constellation,1242.30.00,Silver,Chronograph,,kaggle:watch_db,identity_seeded_specs_partial
omega-131-20-39-20-52-002,Omega,Constellation,131.20.39.20.52.002,Silver,Chronograph,,kaggle:watch_db,identity_seeded_specs_partial
omega-131-23-34-20-63-001,Omega,Constellation,131.23.34.20.63.001,Brown,Chronograph,,kaggle:watch_db,identity_seeded_specs_partial
omega-131-25-25-60-58-001,Omega,Constellation,131.25.25.60.58.001,Champagne,Dress,,kaggle:watch_db,identity_seeded_specs_partial
omega-131-53-29-20-99-002,Omega,Constellation,131.53.29.20.99.002,Green,Chronograph,,kaggle:watch_db,identity_seeded_specs_partial
omega-131-58-29-20-55-002,Omega,Constellation,131.58.29.20.55.002,White,Chronograph,,kaggle:watch_db,identity_seeded_specs_partial
omega-131-58-34-20-61-001,Omega,Constellation,131.58.34.20.61.001,Black,Chronograph,,kaggle:watch_db,identity_seeded_specs_partial
omega-1362-30-00,Omega,Constellation,1362.30.00,Silver,Dress,,kaggle:watch_db,identity_seeded_specs_partial
omega-1372-30-00,Omega,Constellation,1372.30.00,Silver,Dress,,kaggle:watch_db,identity_seeded_specs_partial
omega-1847-73-31,Omega,Constellation,1847.73.31,White,Chronograph,,kaggle:watch_db,identity_seeded_specs_partial
omega-220-10-38-20-13-003,Omega,Aqua Terra,220.10.38.20.13.003,Brown,Chronograph,,kaggle:watch_db,identity_seeded_specs_partial
omega-2296-80-00,Omega,Seamaster Diver 300M,2296.80.00,Blue,Diver,,kaggle:watch_db,identity_seeded_specs_partial
omega-2503-30-00,Omega,Aqua Terra,2503.30.00,Silver,Sport,,kaggle:watch_db,identity_seeded_specs_partial
omega-2504-50-00,Omega,Aqua Terra,2504.50.00,Black,Sport,,kaggle:watch_db,identity_seeded_specs_partial
omega-2511-31-00,Omega,Seamaster 120M,2511.31.00,Silver,Diver,,kaggle:watch_db,identity_seeded_specs_partial
omega-2577-30-00,Omega,Aqua Terra,2577.30.00,Silver,Sport,,kaggle:watch_db,identity_seeded_specs_partial
omega-424-23-40-20-58-002,Omega,De Ville,424.23.40.20.58.002,Champagne,Dress,,kaggle:watch_db,identity_seeded_specs_partial
tudor-79540-0003,Tudor,Black Bay One,79540-0003,Black,Diver,,kaggle:watch_db,identity_seeded_specs_partial
tudor-79733n-0003,Tudor,Black Bay,79733N-0003,Champagne,Diver,,kaggle:watch_db,identity_seeded_specs_partial
tudor-79733n-0005,Tudor,Black Bay,79733N-0005,Black,Diver,,kaggle:watch_db,identity_seeded_specs_partial
tudor-79910-0001,Tudor,Ranger,79910-0001,Black,Chronograph,,kaggle:watch_db,identity_seeded_specs_partial
grand-seiko-sbgw231,Grand Seiko,Elegance Manual Wind,SBGW231,Cream,Dress,https://www.grand-seiko.com/us-en/collections/sbgw231g,enthusiast_pick,identity_seeded_specs_pending
omega-130-23-41-22-11-001,Omega,Globemaster,130.23.41.22.11.001,Red,Sport,,kaggle:watch_db,identity_seeded_specs_partial
omega-428-58-36-60-11-001,Omega,Trésor,428.58.36.60.11.001,Red,Dress,,kaggle:watch_db,identity_seeded_specs_partial
omega-321-30-44-52-01-002,Omega,Speedmaster (Non-Moonwatch),321.30.44.52.01.002,Black,Chronograph,,kaggle:watch_db,identity_seeded_specs_partial
longines-l3-812-4-63-2,Longines,Spirit Zulu Time,L3.812.4.63.2,Black,GMT,https://www.longines.com/en-us/collection/longines-spirit,reddit_under_5k_signal,identity_seeded_specs_pending
omega-1277-70-00,Omega,Constellation,1277.70.00,White,Dress,,kaggle:watch_db,identity_seeded_specs_partial
omega-131-18-36-20-61-001,Omega,Constellation,131.18.36.20.61.001,Red,Chronograph,,kaggle:watch_db,identity_seeded_specs_partial
omega-131-28-36-20-53-001,Omega,Constellation,131.28.36.20.53.001,Blue,Chronograph,,kaggle:watch_db,identity_seeded_specs_partial
omega-1360-75-00,Omega,Constellation,1360.75.00,Silver,Dress,,kaggle:watch_db,identity_seeded_specs_partial
omega-1365-71-00,Omega,Constellation,1365.71.00,White,Dress,,kaggle:watch_db,identity_seeded_specs_partial
omega-1382-30-00,Omega,Constellation,1382.30.00,Silver,Sport,,kaggle:watch_db,identity_seeded_specs_partial
omega-1501-51-00,Omega,Constellation,1501.51.00,Black,Sport,,kaggle:watch_db,identity_seeded_specs_partial
omega-1542-40-00,Omega,Constellation,1542.40.00,Grey,Chronograph,,kaggle:watch_db,identity_seeded_specs_partial
omega-1582-30-00,Omega,Constellation,1582.30.00,Silver,Sport,,kaggle:watch_db,identity_seeded_specs_partial
omega-220-50-41-21-02-002,Omega,Aqua Terra,220.50.41.21.02.002,Silver,Chronograph,,kaggle:watch_db,identity_seeded_specs_partial
omega-220-50-41-21-03-001,Omega,Aqua Terra,220.50.41.21.03.001,Blue,Chronograph,,kaggle:watch_db,identity_seeded_specs_partial
omega-2297-80-00,Omega,Seamaster Diver 300M,2297.80.00,Blue,Diver,,kaggle:watch_db,identity_seeded_specs_partial
omega-231-53-49-10-06-001,Omega,Aqua Terra,231.53.49.10.06.001,Grey,Sport,,kaggle:watch_db,identity_seeded_specs_partial
omega-2373-70-00,Omega,Aqua Terra,2373.70.00,White,Sport,,kaggle:watch_db,identity_seeded_specs_partial
omega-2503-34-00,Omega,Aqua Terra,2503.34.00,Silver,Sport,,kaggle:watch_db,identity_seeded_specs_partial
omega-321-90-42-50-13-002,Omega,Speedmaster Broad Arrow,321.90.42.50.13.002,Brown,Chronograph,,kaggle:watch_db,identity_seeded_specs_partial
omega-3516-20-00,Omega,Speedmaster (Non-Moonwatch),3516.20.00,Black,Chronograph,,kaggle:watch_db,identity_seeded_specs_partial
omega-3810-51-41,Omega,Speedmaster Reduced,3810.51.41,Black,Chronograph,,kaggle:watch_db,identity_seeded_specs_partial
omega-3840-50-31,Omega,Speedmaster (Non-Moonwatch),3840.50.31,Black,Chronograph,,kaggle:watch_db,identity_seeded_specs_partial
omega-3851-20-12,Omega,Speedmaster Broad Arrow,3851.20.12,White,Chronograph,,kaggle:watch_db,identity_seeded_specs_partial
omega-424-13-40-20-02-007,Omega,De Ville,424.13.40.20.02.007,Silver,Dress,,kaggle:watch_db,identity_seeded_specs_partial
omega-5941-31-31,Omega,De Ville,5941.31.31,Silver,Sport,,kaggle:watch_db,identity_seeded_specs_partial
omega-st-345-0809,Omega,Speedmaster Moonwatch,ST 345.0809,Black,Chronograph,,kaggle:watch_db,identity_seeded_specs_partial
tudor-79733n-0006,Tudor,Black Bay,79733N-0006,Champagne,Diver,,kaggle:watch_db,identity_seeded_specs_partial
grand-seiko-sbga375,Grand Seiko,Heritage Spring Drive,SBGA375,Blue,Dress,https://www.grand-seiko.com/us-en/collections/sbga375g,reddit_nomos_gs_signal,identity_seeded_specs_pending
oris-01-733-7730-4135-07-8-24-05peb,Oris,Aquis,01 733 7730 4135-07 8 24 05PEB,Blue,Diver,,kaggle:watch_db,identity_seeded_specs_partial
oris-01-733-7766-4150-set,Oris,Aquis,01 733 7766 4150-Set,Multi-Color,Dress,,kaggle:watch_db,identity_seeded_specs_partial
oris-01-733-7730-4157-07-8-24-05peb,Oris,Aquis,01 733 7730 4157-07 8 24 05PEB,Green,Diver,,kaggle:watch_db,identity_seeded_specs_partial
tudor-42000cn-0016,Tudor,Fastrider,42000CN-0016,Black,Chronograph,,kaggle:watch_db,identity_seeded_specs_partial
grand-seiko-sbgj237,Grand Seiko,Sport GMT,SBGJ237,Blue,GMT,https://www.grand-seiko.com/us-en/collections/sbgj237g,enthusiast_pick,identity_seeded_specs_pending
oris-01-733-7766-4135-07-8-22-05peb,Oris,Aquis,01 733 7766 4135-07 8 22 05PEB,Blue,Diver,,kaggle:watch_db,identity_seeded_specs_partial
oris-01-754-7741-3167-07-5-20-58br,Oris,Big Crown,01 754 7741 3167-07 5 20 58BR,Green,,,kaggle:watch_db,identity_seeded_specs_partial
omega-130-53-41-22-99-002,Omega,Globemaster,130.53.41.22.99.002,Rose,Sport,,kaggle:watch_db,identity_seeded_specs_partial
omega-3290-50-00,Omega,X-33 / Z-33,3290.50.00,Black,Chronograph,,kaggle:watch_db,identity_seeded_specs_partial
omega-428-18-39-60-03-001,Omega,Trésor,428.18.39.60.03.001,Blue,Dress,,kaggle:watch_db,identity_seeded_specs_partial
oris-01-733-7766-4157-07-8-22-05peb,Oris,Aquis,01 733 7766 4157-07 8 22 05PEB,Green,Diver,,kaggle:watch_db,identity_seeded_specs_partial
oris-01-733-7720-4055-07-8-21-18,Oris,Divers 65,01 733 7720 4055-07 8 21 18,Blue,Diver,,kaggle:watch_db,identity_seeded_specs_partial
oris-01-754-7779-4067-set,Oris,Big Crown,01 754 7779 4067-Set,Green,,,kaggle:watch_db,identity_seeded_specs_partial
omega-1135-76-00,Omega,Constellation,1135.76.00,White,Dress,,kaggle:watch_db,identity_seeded_specs_partial
omega-1177-75-00,Omega,Constellation,1177.75.00,White,Dress,,kaggle:watch_db,identity_seeded_specs_partial
omega-1262-70-00,Omega,Constellation,1262.70.00,White,Dress,,kaggle:watch_db,identity_seeded_specs_partial
omega-1302-10-00,Omega,Constellation,1302.10.00,Silver,Sport,,kaggle:watch_db,identity_seeded_specs_partial
omega-131-53-29-20-52-002,Omega,Constellation,131.53.29.20.52.002,Silver,Chronograph,,kaggle:watch_db,identity_seeded_specs_partial
omega-131-53-29-20-53-001,Omega,Constellation,131.53.29.20.53.001,Blue,Chronograph,,kaggle:watch_db,identity_seeded_specs_partial
omega-131-53-29-20-53-003,Omega,Constellation,131.53.29.20.53.003,Blue,Chronograph,,kaggle:watch_db,identity_seeded_specs_partial
omega-131-53-29-20-55-001,Omega,Constellation,131.53.29.20.55.001,White,Chronograph,,kaggle:watch_db,identity_seeded_specs_partial
omega-131-53-29-20-55-002,Omega,Constellation,131.53.29.20.55.002,White,Chronograph,,kaggle:watch_db,identity_seeded_specs_partial
omega-131-53-29-20-58-001,Omega,Constellation,131.53.29.20.58.001,Champagne,Chronograph,,kaggle:watch_db,identity_seeded_specs_partial
omega-131-55-28-60-55-003,Omega,Constellation,131.55.28.60.55.003,White,Dress,,kaggle:watch_db,identity_seeded_specs_partial
omega-131-58-29-20-52-001,Omega,Constellation,131.58.29.20.52.001,Silver,Chronograph,,kaggle:watch_db,identity_seeded_specs_partial
omega-131-58-29-20-52-002,Omega,Constellation,131.58.29.20.52.002,Silver,Chronograph,,kaggle:watch_db,identity_seeded_specs_partial
omega-131-58-29-20-53-001,Omega,Constellation,131.58.29.20.53.001,Blue,Chronograph,,kaggle:watch_db,identity_seeded_specs_partial
omega-131-58-29-20-53-002,Omega,Constellation,131.58.29.20.53.002,Blue,Chronograph,,kaggle:watch_db,identity_seeded_specs_partial
omega-131-58-29-20-53-003,Omega,Constellation,131.58.29.20.53.003,Blue,Chronograph,,kaggle:watch_db,identity_seeded_specs_partial
omega-131-58-29-20-55-001,Omega,Constellation,131.58.29.20.55.001,White,Chronograph,,kaggle:watch_db,identity_seeded_specs_partial
omega-131-58-29-20-99-004,Omega,Constellation,131.58.29.20.99.004,Green,Chronograph,,kaggle:watch_db,identity_seeded_specs_partial
omega-131-58-29-20-99-005,Omega,Constellation,131.58.29.20.99.005,Red,Chronograph,,kaggle:watch_db,identity_seeded_specs_partial
omega-131-58-29-20-99-006,Omega,Constellation,131.58.29.20.99.006,Blue,Chronograph,,kaggle:watch_db,identity_seeded_specs_partial
omega-1361-71-00,Omega,Constellation,1361.71.00,White,Dress,,kaggle:watch_db,identity_seeded_specs_partial
omega-1365-75-00,Omega,Constellation,1365.75.00,White,Dress,,kaggle:watch_db,identity_seeded_specs_partial
omega-1476-71-00,Omega,Constellation,1476.71.00,White,Dress,,kaggle:watch_db,identity_seeded_specs_partial
omega-1631-78-61,Omega,Constellation,1631.78.61,White,Dress,,kaggle:watch_db,identity_seeded_specs_partial
omega-1835-46-51,Omega,Constellation,1835.46.51,Black,Dress,,kaggle:watch_db,identity_seeded_specs_partial
omega-1886-79-40,Omega,Constellation,1886.79.40,White,Dress,,kaggle:watch_db,identity_seeded_specs_partial
omega-220-28-34-20-59-001,Omega,Aqua Terra,220.28.34.20.59.001,Grey,Chronograph,,kaggle:watch_db,identity_seeded_specs_partial
omega-220-55-38-20-09-001,Omega,Aqua Terra,220.55.38.20.09.001,Pink,Chronograph,,kaggle:watch_db,identity_seeded_specs_partial
omega-220-55-38-20-99-001,Omega,Aqua Terra,220.55.38.20.99.001,Purple,Chronograph,,kaggle:watch_db,identity_seeded_specs_partial
omega-231-23-39-21-51-001,Omega,Aqua Terra,231.23.39.21.51.001,Black,Sport,,kaggle:watch_db,identity_seeded_specs_partial
omega-231-23-39-21-52-001,Omega,Aqua Terra,231.23.39.21.52.001,Silver,Sport,,kaggle:watch_db,identity_seeded_specs_partial
omega-2311-21-00,Omega,Seamaster 120M,2311.21.00,White,Diver,,kaggle:watch_db,identity_seeded_specs_partial
omega-2318-30-00,Omega,Aqua Terra,2318.30.00,Black,Sport,,kaggle:watch_db,identity_seeded_specs_partial
omega-2502-30-00,Omega,Aqua Terra,2502.30.00,Silver,Sport,,kaggle:watch_db,identity_seeded_specs_partial
omega-2502-33-00,Omega,Aqua Terra,2502.33.00,White,Sport,,kaggle:watch_db,identity_seeded_specs_partial
omega-2502-50-00,Omega,Aqua Terra,2502.50.00,Black,Sport,,kaggle:watch_db,identity_seeded_specs_partial
omega-2502-80-00,Omega,Aqua Terra,2502.80.00,Blue,Sport,,kaggle:watch_db,identity_seeded_specs_partial
omega-2504-30-00,Omega,Aqua Terra,2504.30.00,Silver,Sport,,kaggle:watch_db,identity_seeded_specs_partial
omega-2512-30-00,Omega,Aqua Terra,2512.30.00,Silver,Chronograph,,kaggle:watch_db,identity_seeded_specs_partial
omega-2562-20-00,Omega,Seamaster Diver 300M,2562.20.00,White,Diver,,kaggle:watch_db,identity_seeded_specs_partial
omega-2563-75-00,Omega,Aqua Terra,2563.75.00,White,Sport,,kaggle:watch_db,identity_seeded_specs_partial
omega-2803-33-37,Omega,Aqua Terra,2803.33.37,Silver,Sport,,kaggle:watch_db,identity_seeded_specs_partial
omega-2812-50-37,Omega,Aqua Terra,2812.50.37,Black,Chronograph,,kaggle:watch_db,identity_seeded_specs_partial
omega-2813-30-81,Omega,Aqua Terra,2813.30.81,Silver,Chronograph,,kaggle:watch_db,identity_seeded_specs_partial
omega-2834-50-91,Omega,Seamaster Diver 300M,2834.50.91,Black,Diver,,kaggle:watch_db,identity_seeded_specs_partial
omega-311-50-39-30-01-001,Omega,Speedmaster Moonwatch,311.50.39.30.01.001,Black,Chronograph,,kaggle:watch_db,identity_seeded_specs_partial
omega-3815-70-36,Omega,Speedmaster Reduced,3815.70.36,White,Chronograph,,kaggle:watch_db,identity_seeded_specs_partial
omega-3815-71-53,Omega,Speedmaster Reduced,3815.71.53,White,Chronograph,,kaggle:watch_db,identity_seeded_specs_partial
omega-3820-50-26,Omega,Speedmaster (Non-Moonwatch),3820.50.26,Black,Chronograph,,kaggle:watch_db,identity_seeded_specs_partial
omega-434-58-34-20-55-002,Omega,De Ville,434.58.34.20.55.002,White,Chronograph,,kaggle:watch_db,identity_seeded_specs_partial
omega-4841-20-32,Omega,De Ville,4841.20.32,White,Chronograph,,kaggle:watch_db,identity_seeded_specs_partial
tudor-79250bm-0001,Tudor,Black Bay,79250BM-0001,Brown,Diver,,kaggle:watch_db,identity_seeded_specs_partial
tudor-79500-0006,Tudor,Black Bay One,79500-0006,Blue,Diver,,kaggle:watch_db,identity_seeded_specs_partial
tudor-79500-0009,Tudor,Black Bay One,79500-0009,Black,Diver,,kaggle:watch_db,identity_seeded_specs_partial
tudor-79910-0003,Tudor,Ranger,79910-0003,Black,Chronograph,,kaggle:watch_db,identity_seeded_specs_partial
oris-01-754-7779-4065-set,Oris,Big Crown,01 754 7779 4065-Set,Green,,,kaggle:watch_db,identity_seeded_specs_partial
omega-428-17-26-60-04-003,Omega,Trésor,428.17.26.60.04.003,White,Dress,,kaggle:watch_db,identity_seeded_specs_partial
omega-428-18-36-60-11-002,Omega,Trésor,428.18.36.60.11.002,Red,Dress,,kaggle:watch_db,identity_seeded_specs_partial
omega-428-18-36-60-13-001,Omega,Trésor,428.18.36.60.13.001,Brown,Dress,,kaggle:watch_db,identity_seeded_specs_partial
omega-428-58-36-60-99-001,Omega,Trésor,428.58.36.60.99.001,Green,Dress,,kaggle:watch_db,identity_seeded_specs_partial
omega-5200-50-00,Omega,Dynamic,5200.50.00,Black,Chronograph,,kaggle:watch_db,identity_seeded_specs_partial
oris-01-733-7732-4135-07-8-21-05peb,Oris,Aquis,01 733 7732 4135-07 8 21 05PEB,Blue,Diver,,kaggle:watch_db,identity_seeded_specs_partial
oris-01-754-7779-4063-set,Oris,Big Crown,01 754 7779 4063-Set,Grey,,,kaggle:watch_db,identity_seeded_specs_partial
longines-l2-836-4-52-9,Longines,Heritage,L2.836.4.52.9,Black,Diver,,kaggle:watch_db,identity_seeded_specs_partial
oris-01-733-7766-4185-set,Oris,Aquis,01 733 7766 4185-Set,Blue,Diver,,kaggle:watch_db,identity_seeded_specs_partial
oris-01-751-7761-4187-set,Oris,ProPilot,01 751 7761 4187-Set,Green,Pilot,,kaggle:watch_db,identity_seeded_specs_partial
oris-01-754-7741-4065-07-5-20-63,Oris,Big Crown,01 754 7741 4065-07 5 20 63,Blue,,,kaggle:watch_db,identity_seeded_specs_partial
oris-01-733-7730-4134-07-8-24-05peb,Oris,Aquis,01 733 7730 4134-07 8 24 05PEB,Black,Diver,,kaggle:watch_db,identity_seeded_specs_partial
oris-01-733-7730-4153-07-4-24-66eb,Oris,Aquis,01 733 7730 4153-07 4 24 66EB,Grey,Diver,,kaggle:watch_db,identity_seeded_specs_partial
oris-01-733-7730-4153-07-8-24-05peb,Oris,Aquis,01 733 7730 4153-07 8 24 05PEB,Grey,Diver,,kaggle:watch_db,identity_seeded_specs_partial
longines-l2-836-4-52-6,Longines,Ultra-Chron,L2.836.4.52.6,Black,Diver,https://www.longines.com/en-us/collection/ultra-chron,reddit_under_5k_signal,identity_seeded_specs_pending
longines-l3-774-4-50-0,Longines,Legend Diver,L3.774.4.50.0,Black,Diver,,kaggle:watch_db,identity_seeded_specs_partial
longines-l3-820-4-93-0,Longines,Spirit,L3.820.4.93.0,Blue,Chronograph,,kaggle:watch_db,identity_seeded_specs_partial
oris-01-733-7770-4150-set,Oris,Aquis,01 733 7770 4150-Set,Multi-Color,Dress,,kaggle:watch_db,identity_seeded_specs_partial
oris-01-754-7741-3166-07-5-20-74br,Oris,Big Crown,01 754 7741 3166-07 5 20 74BR,Brown,,,kaggle:watch_db,identity_seeded_specs_partial
grand-seiko-sbgx261,Grand Seiko,Heritage 9F Quartz,SBGX261,Black,Dress,https://www.grand-seiko.com/us-en/collections/sbgx261g,reddit_sotc_signal,identity_seeded_specs_pending
grand-seiko-sbge211,Grand Seiko,Spring Drive,SBGE211,Black,GMT,,kaggle:watch_db,identity_seeded_specs_partial
omega-196-00-52,Omega,Miscellaneous,196.00.52,Black,Chronograph,,kaggle:watch_db,identity_seeded_specs_partial
oris-01-733-7707-4356-07-8-20-17,Oris,Divers 65,01 733 7707 4356-07 8 20 17,Brown,Diver,,kaggle:watch_db,identity_seeded_specs_partial
oris-01-733-7732-4157-07-8-21-05peb,Oris,Aquis,01 733 7732 4157-07 8 21 05PEB,Green,Diver,,kaggle:watch_db,identity_seeded_specs_partial
oris-01-754-7741-4068-07-5-20-50,Oris,Big Crown,01 754 7741 4068-07 5 20 50,Red,,,kaggle:watch_db,identity_seeded_specs_partial
omega-3815-79-40,Omega,Speedmaster Reduced,3815.79.40,White,Chronograph,,kaggle:watch_db,identity_seeded_specs_partial
omega-422-13-41-52-04-001,Omega,De Ville,422.13.41.52.04.001,White,Chronograph,,kaggle:watch_db,identity_seeded_specs_partial
omega-7802-30-32,Omega,De Ville,7802.30.32,Silver,Dress,,kaggle:watch_db,identity_seeded_specs_partial
longines-l3-774-4-70-2,Longines,Legend Diver,L3.774.4.70.2,Grey,Diver,,kaggle:watch_db,identity_seeded_specs_partial
oris-01-733-7730-7153-07-8-24-15peb,Oris,Aquis,01 733 7730 7153-07 8 24 15PEB,Grey,Diver,,kaggle:watch_db,identity_seeded_specs_partial
oris-01-733-7770-4155-07-8-18-05p,Oris,Aquis,01 733 7770 4155-07 8 18 05P,Blue,Diver,,kaggle:watch_db,identity_seeded_specs_partial
oris-01-751-7761-3164-07-3-2003brlc,Oris,ProPilot,01 751 7761 3164-07 3 2003BRLC,Black,Pilot,,kaggle:watch_db,identity_seeded_specs_partial
oris-01-733-7730-4157-07-4-24-64eb,Oris,Aquis,01 733 7730 4157-07 4 24 64EB,Green,Diver,,kaggle:watch_db,identity_seeded_specs_partial
oris-01-733-7766-4135-07-4-22-64fc,Oris,Aquis,01 733 7766 4135-07 4 22 64FC,Blue,Diver,,kaggle:watch_db,identity_seeded_specs_partial
oris-01-754-7741-3168-07-8-20-01,Oris,Big Crown,01 754 7741 3168-07 8 20 01,Red,,,kaggle:watch_db,identity_seeded_specs_partial
longines-l3-741-4-56-6,Longines,HydroConquest,L3.741.4.56.6,Black,Diver,,kaggle:watch_db,identity_seeded_specs_partial
longines-l3-780-4-96-6,Longines,HydroConquest,L3.780.4.96.6,Blue,Diver,,kaggle:watch_db,identity_seeded_specs_partial
longines-l3-810-4-53-0,Longines,Spirit,L3.810.4.53.0,Black,Chronograph,,kaggle:watch_db,identity_seeded_specs_partial
longines-l3-811-4-53-6,Longines,Spirit,L3.811.4.53.6,Black,Chronograph,,kaggle:watch_db,identity_seeded_specs_partial
longines-l3-820-4-53-6,Longines,Spirit,L3.820.4.53.6,Black,Chronograph,,kaggle:watch_db,identity_seeded_specs_partial
oris-01-400-7769-6355-07-4-22-75fc,Oris,Aquis,01 400 7769 6355-07 4 22 75FC,Blue,Diver,,kaggle:watch_db,identity_seeded_specs_partial
oris-01-733-7707-4357-07-8-20-18,Oris,Divers 65,01 733 7707 4357-07 8 20 18,Green,Diver,,kaggle:watch_db,identity_seeded_specs_partial
longines-l2-409-4-87-2,Longines,Master Collection,L2.409.4.87.2,White,Dress,,kaggle:watch_db,identity_seeded_specs_partial
longines-l3-374-4-30-2,Longines,Legend Diver,L3.374.4.30.2,Beige,Diver,,kaggle:watch_db,identity_seeded_specs_partial
oris-01-733-7707-4356-07-5-20-45,Oris,Divers 65,01 733 7707 4356-07 5 20 45,Brown,Diver,,kaggle:watch_db,identity_seeded_specs_partial
oris-01-733-7730-4105-set,Oris,Aquis,01 733 7730 4105-Set,Blue,Diver,,kaggle:watch_db,identity_seeded_specs_partial
oris-01-733-7732-4134-07-8-21-05peb,Oris,Aquis,01 733 7732 4134-07 8 21 05PEB,Black,Diver,,kaggle:watch_db,identity_seeded_specs_partial
longines-l2-793-4-59-6,Longines,Master Collection,L2.793.4.59.6,Black,Dress,,kaggle:watch_db,identity_seeded_specs_partial
longines-l3-774-2-50-9,Longines,Legend Diver,L3.774.2.50.9,Black,Diver,,kaggle:watch_db,identity_seeded_specs_partial
longines-l3-774-4-30-2,Longines,Legend Diver,L3.774.4.30.2,Beige,Diver,,kaggle:watch_db,identity_seeded_specs_partial
longines-l3-810-4-53-6,Longines,Spirit,L3.810.4.53.6,Black,Chronograph,,kaggle:watch_db,identity_seeded_specs_partial
longines-l3-811-4-93-6,Longines,Spirit,L3.811.4.93.6,Blue,Chronograph,,kaggle:watch_db,identity_seeded_specs_partial
oris-01-733-7720-4054-07-8-21-18,Oris,Divers 65,01 733 7720 4054-07 8 21 18,Black,Diver,,kaggle:watch_db,identity_seeded_specs_partial
oris-01-748-7756-4064-07-8-22-08,Oris,ProPilot,01 748 7756 4064-07 8 22 08,Black,GMT,,kaggle:watch_db,identity_seeded_specs_partial
omega-111-25-26-60-55-001,Omega,Constellation,111.25.26.60.55.001,White,Dress,,kaggle:watch_db,identity_seeded_specs_partial
omega-1203-30-00,Omega,Constellation,1203.30.00,Silver,Sport,,kaggle:watch_db,identity_seeded_specs_partial
omega-1272-10-00,Omega,Constellation,1272.10.00,Champagne,Dress,,kaggle:watch_db,identity_seeded_specs_partial
omega-131-53-29-20-52-001,Omega,Constellation,131.53.29.20.52.001,Silver,Chronograph,,kaggle:watch_db,identity_seeded_specs_partial
omega-131-55-29-20-53-002,Omega,Constellation,131.55.29.20.53.002,Blue,Chronograph,,kaggle:watch_db,identity_seeded_specs_partial
omega-131-55-34-20-61-001,Omega,Constellation,131.55.34.20.61.001,Black,Chronograph,,kaggle:watch_db,identity_seeded_specs_partial
omega-1312-10-00,Omega,Constellation,1312.10.00,Champagne,Dress,,kaggle:watch_db,identity_seeded_specs_partial
omega-1362-70-00,Omega,Constellation,1362.70.00,Silver,Dress,,kaggle:watch_db,identity_seeded_specs_partial
omega-1376-71-00,Omega,Constellation,1376.71.00,White,Dress,,kaggle:watch_db,identity_seeded_specs_partial
omega-1465-51-00,Omega,Constellation,1465.51.00,Black,Dress,,kaggle:watch_db,identity_seeded_specs_partial
omega-1501-30-00,Omega,Constellation,1501.30.00,Silver,Sport,,kaggle:watch_db,identity_seeded_specs_partial
omega-1841-75-36,Omega,Constellation,1841.75.36,White,Chronograph,,kaggle:watch_db,identity_seeded_specs_partial
omega-210-32-42-20-03-002,Omega,Seamaster Diver 300M,210.32.42.20.03.002,,Diver,,thewatchapi:ref-list,identity_seeded_specs_pending
omega-2104-75-00,Omega,Aqua Terra,2104.75.00,White,Sport,,kaggle:watch_db,identity_seeded_specs_partial
omega-220-53-34-20-10-001,Omega,Aqua Terra,220.53.34.20.10.001,Grey,Chronograph,,kaggle:watch_db,identity_seeded_specs_partial
omega-2227-80-00,Omega,Seamaster Diver 300M,2227.80.00,Blue,Diver,,kaggle:watch_db,identity_seeded_specs_partial
omega-231-10-34-20-55-003,Omega,Aqua Terra,231.10.34.20.55.003,Silver,Sport,,kaggle:watch_db,identity_seeded_specs_partial
omega-231-20-39-21-51-003,Omega,Aqua Terra,231.20.39.21.51.003,Black,Sport,,kaggle:watch_db,identity_seeded_specs_partial
omega-2398-80-00,Omega,Seamaster Diver 300M,2398.80.00,Blue,Diver,,kaggle:watch_db,identity_seeded_specs_partial
omega-2502-34-00,Omega,Aqua Terra,2502.34.00,White,Sport,,kaggle:watch_db,identity_seeded_specs_partial
omega-2573-70-00,Omega,Aqua Terra,2573.70.00,White,Sport,,kaggle:watch_db,identity_seeded_specs_partial
omega-2636-50-91,Omega,Seamaster Diver 300M,2636.50.91,Black,Diver,,kaggle:watch_db,identity_seeded_specs_partial
omega-2803-34-37,Omega,Aqua Terra,2803.34.37,Silver,Sport,,kaggle:watch_db,identity_seeded_specs_partial
omega-3510-81-00,Omega,Speedmaster Reduced,3510.81.00,Blue,Chronograph,,kaggle:watch_db,identity_seeded_specs_partial
omega-3656-20-31,Omega,Speedmaster Broad Arrow,3656.20.31,White,Chronograph,,kaggle:watch_db,identity_seeded_specs_partial
omega-434-20-34-20-10-001,Omega,De Ville,434.20.34.20.10.001,Green,Chronograph,,kaggle:watch_db,identity_seeded_specs_partial
omega-4532-31-00,Omega,De Ville,4532.31.00,Silver,Dress,,kaggle:watch_db,identity_seeded_specs_partial
omega-4610-30-02,Omega,De Ville,4610.30.02,Silver,Dress,,kaggle:watch_db,identity_seeded_specs_partial
omega-4633-80-33,Omega,De Ville,4633.80.33,Blue,GMT,,kaggle:watch_db,identity_seeded_specs_partial
omega-4810-31-01,Omega,De Ville,4810.31.01,Silver,Dress,,kaggle:watch_db,identity_seeded_specs_partial
omega-5911-31-22,Omega,De Ville,5911.31.22,Silver,Sport,,kaggle:watch_db,identity_seeded_specs_partial
omega-da-145-0022,Omega,Speedmaster Moonwatch,DA 145.0022,Black,Chronograph,,kaggle:watch_db,identity_seeded_specs_partial
tudor-79230dk-0008,Tudor,Black Bay,79230DK-0008,Black,Diver,,kaggle:watch_db,identity_seeded_specs_partial
tudor-79250bm-0003,Tudor,Black Bay,79250BM-0003,Brown,Diver,,kaggle:watch_db,identity_seeded_specs_partial
tudor-79500-0011,Tudor,Black Bay One,79500-0011,Blue,Diver,,kaggle:watch_db,identity_seeded_specs_partial
longines-l2-793-4-09-6,Longines,Master Collection,L2.793.4.09.6,Green,Dress,,kaggle:watch_db,identity_seeded_specs_partial
longines-l3-781-3-78-7,Longines,HydroConquest,L3.781.3.78.7,Grey,Diver,,kaggle:watch_db,identity_seeded_specs_partial
longines-l3-811-4-53-0,Longines,Spirit,L3.811.4.53.0,Black,Chronograph,,kaggle:watch_db,identity_seeded_specs_partial
omega-428-55-36-60-99-002,Omega,Trésor,428.55.36.60.99.002,Diamonds,Dress,,kaggle:watch_db,identity_seeded_specs_partial
longines-l2-921-4-56-6,Longines,Record,L2.921.4.56.6,Black,Chronograph,,kaggle:watch_db,identity_seeded_specs_partial
longines-l3-774-4-50-6,Longines,Legend Diver,L3.774.4.50.6,Black,Diver,,kaggle:watch_db,identity_seeded_specs_partial
longines-l3-780-4-56-6,Longines,HydroConquest,L3.780.4.56.6,Black,Diver,,kaggle:watch_db,identity_seeded_specs_partial
longines-l3-781-3-56-7,Longines,HydroConquest,L3.781.3.56.7,Black,Diver,,kaggle:watch_db,identity_seeded_specs_partial
oris-01-733-7707-4337-set,Oris,Divers 65,01 733 7707 4337-Set,Green,Diver,,kaggle:watch_db,identity_seeded_specs_partial
oris-01-733-7730-4158-07-8-24-05peb,Oris,Aquis,01 733 7730 4158-07 8 24 05PEB,Red,Diver,,kaggle:watch_db,identity_seeded_specs_partial
oris-01-733-7770-4158-07-8-18-05p,Oris,Aquis,01 733 7770 4158-07 8 18 05P,Pink,Diver,,kaggle:watch_db,identity_seeded_specs_partial
oris-01-733-7771-3155-07-3-19-02brs,Oris,Divers 65,01 733 7771 3155-07 3 19 02BRS,Blue,Diver,,kaggle:watch_db,identity_seeded_specs_partial
oris-01-754-7741-4068-07-8-20-22,Oris,Big Crown,01 754 7741 4068-07 8 20 22,Red,,,kaggle:watch_db,identity_seeded_specs_partial
grand-seiko-sbgx335,Grand Seiko,Heritage Quartz,SBGX335,White,Sport,,curated,identity_seeded_specs_verified
longines-l2-357-4-07-6,Longines,Master Collection,L2.357.4.07.6,Beige,Dress,,kaggle:watch_db,identity_seeded_specs_partial
longines-l3-780-3-78-6,Longines,HydroConquest,L3.780.3.78.6,Grey,Diver,,kaggle:watch_db,identity_seeded_specs_partial
longines-l3-781-3-58-7,Longines,HydroConquest,L3.781.3.58.7,Black,Diver,,kaggle:watch_db,identity_seeded_specs_partial
longines-l3-781-4-06-9,Longines,HydroConquest,L3.781.4.06.9,Green,Diver,,kaggle:watch_db,identity_seeded_specs_partial
longines-l3-810-4-73-2,Longines,Spirit,L3.810.4.73.2,Silver,Chronograph,,kaggle:watch_db,identity_seeded_specs_partial
longines-l3-811-4-73-9,Longines,Spirit,L3.811.4.73.9,Silver,Chronograph,,kaggle:watch_db,identity_seeded_specs_partial
longines-l3-830-4-02-6,Longines,Conquest,L3.830.4.02.6,Green,Sport,https://www.longines.com/en-us/collection/conquest,reddit_under_5k_signal,identity_seeded_specs_pending
longines-l4-795-4-58-0,Longines,Heritage,L4.795.4.58.0,Black,,,kaggle:watch_db,identity_seeded_specs_partial
oris-01-111-7700-4061-set-1-23-71fc,Oris,Artelier,01 111 7700 4061-Set 1 23 71FC,Silver,,,kaggle:watch_db,identity_seeded_specs_partial
oris-01-733-7707-4064-07-8-20-18,Oris,Divers 65,01 733 7707 4064-07 8 20 18,Black,Diver,,kaggle:watch_db,identity_seeded_specs_partial
oris-01-733-7720-4051-07-8-21-18,Oris,Divers 65,01 733 7720 4051-07 8 21 18,Silver,Diver,,kaggle:watch_db,identity_seeded_specs_partial
oris-01-733-7720-4054-07-5-21-45,Oris,Divers 65,01 733 7720 4054-07 5 21 45,Black,Diver,,kaggle:watch_db,identity_seeded_specs_partial
oris-01-733-7720-4057-07-8-21-18,Oris,Divers 65,01 733 7720 4057-07 8 21 18,Green,Diver,,kaggle:watch_db,identity_seeded_specs_partial
oris-01-733-7730-4153-07-4-24-63eb,Oris,Aquis,01 733 7730 4153-07 4 24 63EB,Grey,Diver,,kaggle:watch_db,identity_seeded_specs_partial
oris-01-733-7747-4055-07-8-17-18,Oris,Divers 65,01 733 7747 4055-07 8 17 18,Blue,Diver,,kaggle:watch_db,identity_seeded_specs_partial
oris-01-733-7766-4187-set,Oris,Aquis,01 733 7766 4187-Set,Green,Diver,,kaggle:watch_db,identity_seeded_specs_partial
oris-01-733-7771-3157-07-3-19-03brs,Oris,Divers 65,01 733 7771 3157-07 3 19 03BRS,Green,Diver,,kaggle:watch_db,identity_seeded_specs_partial
oris-01-754-7741-4064-07-5-20-65,Oris,Big Crown,01 754 7741 4064-07 5 20 65,Black,,,kaggle:watch_db,identity_seeded_specs_partial
oris-01-771-7744-3185-set-ls,Oris,Divers 65,01 771 7744 3185-Set LS,Blue,Diver,,kaggle:watch_db,identity_seeded_specs_partial
longines-l2-409-4-87-6,Longines,Master Collection,L2.409.4.87.6,White,Dress,,kaggle:watch_db,identity_seeded_specs_partial
longines-l2-759-4-92-6,Longines,Master Collection,L2.759.4.92.6,Blue,Chronograph,,kaggle:watch_db,identity_seeded_specs_partial
longines-l2-793-4-59-2,Longines,Master Collection,L2.793.4.59.2,Black,Dress,,kaggle:watch_db,identity_seeded_specs_partial
longines-l2-821-5-11-2,Longines,Record,L2.821.5.11.2,White,Chronograph,,kaggle:watch_db,identity_seeded_specs_partial
longines-l2-910-4-92-6,Longines,Master Collection,L2.910.4.92.6,Blue,Dress,,kaggle:watch_db,identity_seeded_specs_partial
longines-l3-374-4-90-2,Longines,Legend Diver,L3.374.4.90.2,Blue,Diver,,kaggle:watch_db,identity_seeded_specs_partial
longines-l3-781-3-06-9,Longines,HydroConquest,L3.781.3.06.9,Green,Diver,,kaggle:watch_db,identity_seeded_specs_partial
longines-l3-781-3-58-9,Longines,HydroConquest,L3.781.3.58.9,Grey,Diver,,kaggle:watch_db,identity_seeded_specs_partial
longines-l3-810-4-93-0,Longines,Spirit,L3.810.4.93.0,Blue,Chronograph,,kaggle:watch_db,identity_seeded_specs_partial
longines-l3-811-4-73-2,Longines,Spirit,L3.811.4.73.2,Silver,Chronograph,,kaggle:watch_db,identity_seeded_specs_partial
longines-l3-811-4-93-0,Longines,Spirit,L3.811.4.93.0,Blue,Chronograph,,kaggle:watch_db,identity_seeded_specs_partial
longines-l8-115-4-71-6,Longines,PrimaLuna,L8.115.4.71.6,Silver,,,kaggle:watch_db,identity_seeded_specs_partial
longines-l8-116-4-71-6,Longines,PrimaLuna,L8.116.4.71.6,Silver,,,kaggle:watch_db,identity_seeded_specs_partial
oris-01-733-7732-4135-07-4-21-64fc,Oris,Aquis,01 733 7732 4135-07 4 21 64FC,Blue,Diver,,kaggle:watch_db,identity_seeded_specs_partial
oris-01-733-7771-3158-07-8-19-15,Oris,Divers 65,01 733 7771 3158-07 8 19 15,Pink,Diver,,kaggle:watch_db,identity_seeded_specs_partial
oris-01-743-7733-4155-07-4-24-69eb,Oris,Aquis,01 743 7733 4155-07 4 24 69EB,Blue,Diver,,kaggle:watch_db,identity_seeded_specs_partial
oris-01-751-7761-4065-07-8-20-08p,Oris,ProPilot,01 751 7761 4065-07 8 20 08P,Blue,Pilot,,kaggle:watch_db,identity_seeded_specs_partial
oris-01-774-7655-4154-07-8-26-01peb,Oris,Aquis,01 774 7655 4154-07 8 26 01PEB,Black,Chronograph,,kaggle:watch_db,identity_seeded_specs_partial
longines-l2-357-4-87-6,Longines,Master Collection,L2.357.4.87.6,White,Dress,,kaggle:watch_db,identity_seeded_specs_partial
longines-l2-628-4-97-6,Longines,Master Collection,L2.628.4.97.6,Blue,Dress,,kaggle:watch_db,identity_seeded_specs_partial
longines-l2-773-4-92-6,Longines,Master Collection,L2.773.4.92.6,Blue,Chronograph,,kaggle:watch_db,identity_seeded_specs_partial
longines-l2-793-4-79-2,Longines,Master Collection,L2.793.4.79.2,Silver,Dress,,kaggle:watch_db,identity_seeded_specs_partial
longines-l2-893-4-79-2,Longines,Master Collection,L2.893.4.79.2,Silver,Dress,,kaggle:watch_db,identity_seeded_specs_partial
longines-l2-920-4-92-0,Longines,Master Collection,L2.920.4.92.0,Blue,Dress,,kaggle:watch_db,identity_seeded_specs_partial
longines-l3-780-4-96-9,Longines,HydroConquest,L3.780.4.96.9,Blue,Diver,,kaggle:watch_db,identity_seeded_specs_partial
longines-l3-781-3-56-9,Longines,HydroConquest,L3.781.3.56.9,Black,Diver,,kaggle:watch_db,identity_seeded_specs_partial
longines-l3-810-4-53-9,Longines,Spirit,L3.810.4.53.9,Black,Chronograph,,kaggle:watch_db,identity_seeded_specs_partial
longines-l3-810-4-93-9,Longines,Spirit,L3.810.4.93.9,Blue,Chronograph,,kaggle:watch_db,identity_seeded_specs_partial
longines-l4-812-4-11-0,Longines,Elegant,L4.812.4.11.0,White,Dress,,kaggle:watch_db,identity_seeded_specs_partial
oris-01-400-7772-4054-07-5-20-82,Oris,Divers 65,01 400 7772 4054-07 5 20 82,Black,Diver,,kaggle:watch_db,identity_seeded_specs_partial
oris-01-733-7707-4354-07-5-20-55,Oris,Divers 65,01 733 7707 4354-07 5 20 55,Black,Diver,,kaggle:watch_db,identity_seeded_specs_partial
oris-01-733-7720-4055-07-5-21-02,Oris,Divers 65,01 733 7720 4055-07 5 21 02,Blue,Diver,,kaggle:watch_db,identity_seeded_specs_partial
oris-01-733-7720-4354-07-5-21-44,Oris,Divers 65,01 733 7720 4354-07 5 21 44,Black,Diver,,kaggle:watch_db,identity_seeded_specs_partial
oris-01-737-7721-4031-07-5-21-65fc,Oris,Artelier,01 737 7721 4031-07 5 21 65FC,Silver,Chronograph,,kaggle:watch_db,identity_seeded_specs_partial
oris-01-748-7756-4064-07-3-22-02lc,Oris,ProPilot,01 748 7756 4064-07 3 22 02LC,Black,GMT,,kaggle:watch_db,identity_seeded_specs_partial
oris-01-752-7760-4164-07-8-22-08,Oris,ProPilot,01 752 7760 4164-07 8 22 08,Black,Pilot,,kaggle:watch_db,identity_seeded_specs_partial
oris-01-771-7744-4354-07-8-21-18,Oris,Divers 65,01 771 7744 4354-07 8 21 18,Black,Diver,,kaggle:watch_db,identity_seeded_specs_partial
omega-215-30-44-21-01-003,Omega,Seamaster Planet Ocean,215.30.44.21.01.003,Black,GMT,,kaggle:watch_db,identity_seeded_specs_partial
omega-2196-20-00,Omega,Seamaster Diver 300M,2196.20.00,Silver,Diver,,kaggle:watch_db,identity_seeded_specs_partial
omega-2501-81-00,Omega,Seamaster 120M,2501.81.00,Blue,Diver,,kaggle:watch_db,identity_seeded_specs_partial
omega-2652-50-91,Omega,Seamaster Diver 300M,2652.50.91,Black,Diver,,kaggle:watch_db,identity_seeded_specs_partial
omega-3113-30-00,Omega,Speedmaster (Non-Moonwatch),3113.30.00,Silver,Chronograph,,kaggle:watch_db,identity_seeded_specs_partial
omega-3557-50-00,Omega,Speedmaster Broad Arrow,3557.50.00,Black,Chronograph,,kaggle:watch_db,identity_seeded_specs_partial
omega-3653-80-33,Omega,Speedmaster Broad Arrow,3653.80.33,Blue,Chronograph,,kaggle:watch_db,identity_seeded_specs_partial
omega-434-13-28-60-55-001,Omega,De Ville,434.13.28.60.55.001,White,Dress,,kaggle:watch_db,identity_seeded_specs_partial
omega-4503-51-00,Omega,De Ville,4503.51.00,Black,Dress,,kaggle:watch_db,identity_seeded_specs_partial
omega-4510-50-00,Omega,De Ville,4510.50.00,Black,Dress,,kaggle:watch_db,identity_seeded_specs_partial
omega-4660-20-32,Omega,De Ville,4660.20.32,White,Sport,,kaggle:watch_db,identity_seeded_specs_partial
omega-4831-51-31,Omega,De Ville,4831.51.31,Black,Sport,,kaggle:watch_db,identity_seeded_specs_partial
omega-4841-50-31,Omega,De Ville,4841.50.31,Black,Chronograph,,kaggle:watch_db,identity_seeded_specs_partial
omega-4846-20-32,Omega,De Ville,4846.20.32,White,Chronograph,,kaggle:watch_db,identity_seeded_specs_partial
omega-4849-40-32,Omega,De Ville,4849.40.32,Silver,Dress,,kaggle:watch_db,identity_seeded_specs_partial
omega-7801-50-31,Omega,De Ville,7801.50.31,Black,Dress,,kaggle:watch_db,identity_seeded_specs_partial
omega-st-376-0822,Omega,Speedmaster (Non-Moonwatch),ST 376.0822,Black,Chronograph,,kaggle:watch_db,identity_seeded_specs_partial
tudor-79910-0002,Tudor,Ranger,79910-0002,Black,Chronograph,,kaggle:watch_db,identity_seeded_specs_partial
tudor-79910-0010,Tudor,Ranger,79910-0010,Black,Chronograph,,kaggle:watch_db,identity_seeded_specs_partial
longines-l2-330-4-93-0,Longines,Heritage,L2.330.4.93.0,Black,,,kaggle:watch_db,identity_seeded_specs_partial
longines-l2-357-4-97-6,Longines,Master Collection,L2.357.4.97.6,Blue,Dress,,kaggle:watch_db,identity_seeded_specs_partial
longines-l2-811-4-53-0,Longines,Heritage,L2.811.4.53.0,Black,Field,,kaggle:watch_db,identity_seeded_specs_partial
longines-l2-893-4-09-2,Longines,Master Collection,L2.893.4.09.2,Green,Dress,,kaggle:watch_db,identity_seeded_specs_partial
longines-l2-893-4-09-6,Longines,Master Collection,L2.893.4.09.6,Green,Dress,,kaggle:watch_db,identity_seeded_specs_partial
longines-l3-742-3-56-7,Longines,HydroConquest,L3.742.3.56.7,Black,Diver,,kaggle:watch_db,identity_seeded_specs_partial
longines-l3-782-3-58-9,Longines,HydroConquest,L3.782.3.58.9,Black,Diver,,kaggle:watch_db,identity_seeded_specs_partial
longines-l3-811-4-93-9,Longines,Spirit,L3.811.4.93.9,Blue,Chronograph,,kaggle:watch_db,identity_seeded_specs_partial
longines-l4-512-4-77-6,Longines,La Grande Classique,L4.512.4.77.6,Grey,Dress,,kaggle:watch_db,identity_seeded_specs_partial
longines-l4-921-4-92-6,Longines,Presence,L4.921.4.92.6,Blue,Dress,,kaggle:watch_db,identity_seeded_specs_partial
longines-l8-122-4-71-6,Longines,PrimaLuna,L8.122.4.71.6,Silver,,,kaggle:watch_db,identity_seeded_specs_partial
oris-01-400-7769-4135-07-4-22-74fc,Oris,Aquis,01 400 7769 4135-07 4 22 74FC,Blue,Diver,,kaggle:watch_db,identity_seeded_specs_partial
oris-01-561-7783-4063-07-5-19-16,Oris,Rectangular,01 561 7783 4063-07 5 19 16,Green,,,kaggle:watch_db,identity_seeded_specs_partial
oris-01-733-7653-4154-07-8-26-01peb,Oris,Aquis,01 733 7653 4154-07 8 26 01PEB,Black,Diver,,kaggle:watch_db,identity_seeded_specs_partial
oris-01-733-7707-4354-07-4-20-18,Oris,Divers 65,01 733 7707 4354-07 4 20 18,Black,Diver,,kaggle:watch_db,identity_seeded_specs_partial
oris-01-733-7707-4354-07-5-20-45,Oris,Divers 65,01 733 7707 4354-07 5 20 45,Black,Diver,,kaggle:watch_db,identity_seeded_specs_partial
oris-01-733-7720-4051-07-4-21-18,Oris,Divers 65,01 733 7720 4051-07 4 21 18,Silver,Diver,,kaggle:watch_db,identity_seeded_specs_partial
oris-01-733-7730-4134-07-4-24-64eb,Oris,Aquis,01 733 7730 4134-07 4 24 64EB,Black,Diver,,kaggle:watch_db,identity_seeded_specs_partial
oris-01-733-7732-4134-07-4-21-64fc,Oris,Aquis,01 733 7732 4134-07 4 21 64FC,Black,Diver,,kaggle:watch_db,identity_seeded_specs_partial
oris-01-733-7732-4157-07-4-21-64fc,Oris,Aquis,01 733 7732 4157-07 4 21 64FC,Green,Diver,,kaggle:watch_db,identity_seeded_specs_partial
oris-01-743-7734-4187-set,Oris,Aquis,01 743 7734 4187-Set,Green,Diver,,kaggle:watch_db,identity_seeded_specs_partial
oris-01-754-7741-4365-07-5-20-58,Oris,Big Crown,01 754 7741 4365-07 5 20 58,Blue,,,kaggle:watch_db,identity_seeded_specs_partial
longines-l2-142-4-96-2,Longines,Evidenza,L2.142.4.96.2,Blue,Dress,,kaggle:watch_db,identity_seeded_specs_partial
longines-l2-793-4-71-6,Longines,Master Collection,L2.793.4.71.6,Grey,Dress,,kaggle:watch_db,identity_seeded_specs_partial
longines-l2-821-4-56-2,Longines,Record,L2.821.4.56.2,Black,Chronograph,,kaggle:watch_db,identity_seeded_specs_partial
longines-l2-821-4-72-6,Longines,Record,L2.821.4.72.6,Silver,Chronograph,,kaggle:watch_db,identity_seeded_specs_partial
longines-l2-893-4-79-6,Longines,Master Collection,L2.893.4.79.6,Silver,Dress,,kaggle:watch_db,identity_seeded_specs_partial
longines-l3-781-3-96-9,Longines,HydroConquest,L3.781.3.96.9,Blue,Diver,,kaggle:watch_db,identity_seeded_specs_partial
longines-l3-782-3-58-7,Longines,HydroConquest,L3.782.3.58.7,Black,Diver,,kaggle:watch_db,identity_seeded_specs_partial
longines-l3-820-4-53-0,Longines,Spirit,L3.820.4.53.0,Black,Chronograph,,kaggle:watch_db,identity_seeded_specs_partial
longines-l3-821-4-53-2,Longines,Spirit,L3.821.4.53.2,Black,Chronograph,,kaggle:watch_db,identity_seeded_specs_partial
longines-l3-821-4-53-6,Longines,Spirit,L3.821.4.53.6,Black,Chronograph,,kaggle:watch_db,identity_seeded_specs_partial
longines-l4-312-4-11-0,Longines,Elegant,L4.312.4.11.0,White,Dress,,kaggle:watch_db,identity_seeded_specs_partial
longines-l4-341-0-11-6,Longines,La Grande Classique,L4.341.0.11.6,White,Dress,,kaggle:watch_db,identity_seeded_specs_partial
longines-l4-512-4-97-6,Longines,La Grande Classique,L4.512.4.97.6,Blue,Dress,,kaggle:watch_db,identity_seeded_specs_partial
longines-l4-755-4-51-6,Longines,La Grande Classique,L4.755.4.51.6,Black,Dress,,kaggle:watch_db,identity_seeded_specs_partial
longines-l4-911-4-71-2,Longines,Elegant,L4.911.4.71.2,Grey,Dress,,kaggle:watch_db,identity_seeded_specs_partial
longines-l4-918-4-11-2,Longines,La Grande Classique,L4.918.4.11.2,White,Dress,,kaggle:watch_db,identity_seeded_specs_partial
longines-l4-922-4-92-6,Longines,Presence,L4.922.4.92.6,Blue,Dress,,kaggle:watch_db,identity_seeded_specs_partial
longines-l4-984-4-79-2,Longines,Flagship,L4.984.4.79.2,Beige,Dress,,kaggle:watch_db,identity_seeded_specs_partial
longines-l5-512-4-11-6,Longines,DolceVita,L5.512.4.11.6,White,Dress,,kaggle:watch_db,identity_seeded_specs_partial
longines-l8-115-4-61-6,Longines,PrimaLuna,L8.115.4.61.6,Green,,,kaggle:watch_db,identity_seeded_specs_partial
longines-l8-116-4-87-6,Longines,PrimaLuna,L8.116.4.87.6,White,,,kaggle:watch_db,identity_seeded_specs_partial
oris-01-733-7707-4055-07-4-20-18,Oris,Divers 65,01 733 7707 4055-07 4 20 18,Blue,Diver,,kaggle:watch_db,identity_seeded_specs_partial
oris-01-733-7721-4055-07-8-21-88,Oris,Artelier,01 733 7721 4055-07 8 21 88,Blue,,,kaggle:watch_db,identity_seeded_specs_partial
oris-01-733-7770-4157-07-4-18-67fc,Oris,Aquis,01 733 7770 4157-07 4 18 67FC,Green,Diver,,kaggle:watch_db,identity_seeded_specs_partial
oris-01-733-7771-3158-07-3-19-04brs,Oris,Divers 65,01 733 7771 3158-07 3 19 04BRS,Pink,Diver,,kaggle:watch_db,identity_seeded_specs_partial
oris-01-743-7733-4135-07-8-24-05peb,Oris,Aquis,01 743 7733 4135-07 8 24 05PEB,Blue,Diver,,kaggle:watch_db,identity_seeded_specs_partial
oris-01-743-7733-4155-07-8-24-05peb,Oris,Aquis,01 743 7733 4155-07 8 24 05PEB,Blue,Diver,,kaggle:watch_db,identity_seeded_specs_partial
oris-01-748-7748-7154-07-8-26-74peb,Oris,ProDiver,01 748 7748 7154-07 8 26 74PEB,Black,Diver,,kaggle:watch_db,identity_seeded_specs_partial
oris-01-749-7734-7154-set,Oris,Aquis,01 749 7734 7154-Set,Grey,GMT,,kaggle:watch_db,identity_seeded_specs_partial
oris-01-754-7741-3165-07-5-20-58br,Oris,Big Crown,01 754 7741 3165-07 5 20 58BR,Blue,,,kaggle:watch_db,identity_seeded_specs_partial
oris-01-754-7741-3168-07-5-20-58br,Oris,Big Crown,01 754 7741 3168-07 5 20 58BR,Red,,,kaggle:watch_db,identity_seeded_specs_partial
oris-01-754-7741-4068-07-5-20-64,Oris,Big Crown,01 754 7741 4068-07 5 20 64,Red,,,kaggle:watch_db,identity_seeded_specs_partial
oris-01-754-7749-3167-07-5-17-66br,Oris,Big Crown,01 754 7749 3167-07 5 17 66BR,Green,,,kaggle:watch_db,identity_seeded_specs_partial
oris-01-798-7754-4135-07-4-24-64eb,Oris,Aquis,01 798 7754 4135-07 4 24 64EB,Blue,GMT,,kaggle:watch_db,identity_seeded_specs_partial
grand-seiko-sbgp005,Grand Seiko,Heritage Quartz,SBGP005,Blue,Dress,https://www.grand-seiko.com/us-en/collections,reddit_grandseiko_signal,identity_seeded_specs_pending
longines-l2-357-4-07-2,Longines,Master Collection,L2.357.4.07.2,Beige,Dress,,kaggle:watch_db,identity_seeded_specs_partial
longines-l2-357-4-87-2,Longines,Master Collection,L2.357.4.87.2,White,Dress,,kaggle:watch_db,identity_seeded_specs_partial
longines-l2-357-4-98-6,Longines,Master Collection,L2.357.4.98.6,Blue,Dress,,kaggle:watch_db,identity_seeded_specs_partial
longines-l2-409-4-78-6,Longines,Master Collection,L2.409.4.78.6,Silver,Dress,,kaggle:watch_db,identity_seeded_specs_partial
longines-l2-409-4-87-4,Longines,Master Collection,L2.409.4.87.4,White,Dress,,kaggle:watch_db,identity_seeded_specs_partial
longines-l2-793-4-09-2,Longines,Master Collection,L2.793.4.09.2,Green,Dress,,kaggle:watch_db,identity_seeded_specs_partial
longines-l2-793-4-79-6,Longines,Master Collection,L2.793.4.79.6,Silver,Dress,,kaggle:watch_db,identity_seeded_specs_partial
longines-l2-820-5-72-7,Longines,Record,L2.820.5.72.7,Silver,Chronograph,,kaggle:watch_db,identity_seeded_specs_partial
longines-l2-820-5-76-2,Longines,Record,L2.820.5.76.2,Silver,Chronograph,,kaggle:watch_db,identity_seeded_specs_partial
longines-l2-821-4-96-4,Longines,Record,L2.821.4.96.4,Blue,Chronograph,,kaggle:watch_db,identity_seeded_specs_partial
longines-l2-821-5-76-2,Longines,Record,L2.821.5.76.2,Silver,Chronograph,,kaggle:watch_db,identity_seeded_specs_partial
longines-l2-836-4-52-8,Longines,Heritage,L2.836.4.52.8,Black,Diver,,kaggle:watch_db,identity_seeded_specs_partial
longines-l2-836-452-8,Longines,Heritage,L2.836.452.8,Black,Diver,,kaggle:watch_db,identity_seeded_specs_partial
longines-l2-893-4-59-6,Longines,Master Collection,L2.893.4.59.6,Black,Dress,,kaggle:watch_db,identity_seeded_specs_partial
longines-l2-908-4-92-0,Longines,Master Collection,L2.908.4.92.0,Blue,Dress,,kaggle:watch_db,identity_seeded_specs_partial
longines-l2-919-4-77-6,Longines,Master Collection,L2.919.4.77.6,Silver,Dress,,kaggle:watch_db,identity_seeded_specs_partial
longines-l3-780-3-78-9,Longines,HydroConquest,L3.780.3.78.9,Grey,Diver,,kaggle:watch_db,identity_seeded_specs_partial
longines-l3-782-3-78-9,Longines,HydroConquest,L3.782.3.78.9,Grey,Diver,,kaggle:watch_db,identity_seeded_specs_partial
longines-l3-782-3-96-9,Longines,HydroConquest,L3.782.3.96.9,Blue,Diver,,kaggle:watch_db,identity_seeded_specs_partial
longines-l3-821-4-93-2,Longines,Spirit,L3.821.4.93.2,Blue,Chronograph,,kaggle:watch_db,identity_seeded_specs_partial
longines-l4-312-4-11-6,Longines,Elegant,L4.312.4.11.6,White,Dress,,kaggle:watch_db,identity_seeded_specs_partial
longines-l4-812-4-11-2,Longines,Elegant,L4.812.4.11.2,White,Dress,,kaggle:watch_db,identity_seeded_specs_partial
longines-l4-812-4-11-6,Longines,Elegant,L4.812.4.11.6,White,Dress,,kaggle:watch_db,identity_seeded_specs_partial
longines-l4-905-4-11-2,Longines,Presence,L4.905.4.11.2,White,Chronograph,,kaggle:watch_db,identity_seeded_specs_partial
longines-l4-911-4-11-0,Longines,Elegant,L4.911.4.11.0,White,Dress,,kaggle:watch_db,identity_seeded_specs_partial
longines-l5-255-5-87-7,Longines,DolceVita,L5.255.5.87.7,White,Dress,,kaggle:watch_db,identity_seeded_specs_partial
longines-l5-512-4-71-7,Longines,DolceVita,L5.512.4.71.7,Silver,Dress,,kaggle:watch_db,identity_seeded_specs_partial
longines-l5-512-5-87-7,Longines,DolceVita,L5.512.5.87.7,White,Dress,,kaggle:watch_db,identity_seeded_specs_partial
longines-l5-512-8-71-0,Longines,DolceVita,L5.512.8.71.0,Silver,Dress,,kaggle:watch_db,identity_seeded_specs_partial
longines-l5-757-4-73-6,Longines,DolceVita,L5.757.4.73.6,Silver,Dress,,kaggle:watch_db,identity_seeded_specs_partial
longines-l8-112-4-98-6,Longines,PrimaLuna,L8.112.4.98.6,Blue,,,kaggle:watch_db,identity_seeded_specs_partial
longines-l8-113-4-98-6,Longines,PrimaLuna,L8.113.4.98.6,Blue,,,kaggle:watch_db,identity_seeded_specs_partial
omega-215-30-40-20-03-002,Omega,Seamaster Planet Ocean,215.30.40.20.03.002,,Diver,,thewatchapi:ref-list,identity_seeded_specs_pending
oris-01-400-7763-4157-07-4-24-74eb,Oris,Aquis,01 400 7763 4157-07 4 24 74EB,Green,Diver,,kaggle:watch_db,identity_seeded_specs_partial
oris-01-733-7720-4354-07-5-21-45,Oris,Divers 65,01 733 7720 4354-07 5 21 45,Black,Diver,,kaggle:watch_db,identity_seeded_specs_partial
oris-01-733-7721-4051-07-8-21-88,Oris,Artelier,01 733 7721 4051-07 8 21 88,Silver,,,kaggle:watch_db,identity_seeded_specs_partial
oris-01-733-7771-3157-07-5-19-04br,Oris,Divers 65,01 733 7771 3157-07 5 19 04BR,Green,Diver,,kaggle:watch_db,identity_seeded_specs_partial
oris-01-733-7771-3158-07-5-19-04br,Oris,Divers 65,01 733 7771 3158-07 5 19 04BR,Pink,Diver,,kaggle:watch_db,identity_seeded_specs_partial
oris-01-748-7748-7154-07-4-26-74teb,Oris,ProDiver,01 748 7748 7154-07 4 26 74TEB,Black,Diver,,kaggle:watch_db,identity_seeded_specs_partial
oris-01-752-7760-4065-07-8-22-08p,Oris,ProPilot,01 752 7760 4065-07 8 22 08P,Blue,Pilot,,kaggle:watch_db,identity_seeded_specs_partial
oris-01-798-7768-4284-set,Oris,ProPilot,01 798 7768 4284-Set,Black,Pilot,,kaggle:watch_db,identity_seeded_specs_partial
grand-seiko-sbga203,Grand Seiko,Spring Drive,SBGA203,Black,Sport,,kaggle:watch_db,identity_seeded_specs_partial
grand-seiko-sbgc221,Grand Seiko,Spring Drive,SBGC221,White,Chronograph,,kaggle:watch_db,identity_seeded_specs_partial
omega-131-30-41-21-99-003,Omega,Constellation,131.30.41.21.99.003,Blue,Chronograph,,kaggle:watch_db,identity_seeded_specs_partial
omega-220-10-30-20-01-001,Omega,Aqua Terra,220.10.30.20.01.001,Black,Chronograph,,kaggle:watch_db,identity_seeded_specs_partial
omega-220-10-30-20-02-001,Omega,Aqua Terra,220.10.30.20.02.001,Silver,Chronograph,,kaggle:watch_db,identity_seeded_specs_partial
omega-220-10-41-21-01-002,Omega,Aqua Terra,220.10.41.21.01.002,Black,Chronograph,,kaggle:watch_db,identity_seeded_specs_partial
omega-220-10-41-21-03-006,Omega,Aqua Terra,220.10.41.21.03.006,Turquoise,Chronograph,,kaggle:watch_db,identity_seeded_specs_partial
omega-220-20-30-20-63-001,Omega,Aqua Terra,220.20.30.20.63.001,Brown,Chronograph,,kaggle:watch_db,identity_seeded_specs_partial
tudor-42000cn-0005,Tudor,Fastrider,42000CN-0005,Black,Chronograph,,kaggle:watch_db,identity_seeded_specs_partial
tudor-42000cr-0002,Tudor,Fastrider,42000CR-0002,Black,Chronograph,,kaggle:watch_db,identity_seeded_specs_partial
longines-l2-142-4-70-2,Longines,Evidenza,L2.142.4.70.2,Silver,Dress,,kaggle:watch_db,identity_seeded_specs_partial
longines-l2-142-4-70-6,Longines,Evidenza,L2.142.4.70.6,Silver,Dress,,kaggle:watch_db,identity_seeded_specs_partial
longines-l2-357-4-87-0,Longines,Master Collection,L2.357.4.87.0,White,Dress,,kaggle:watch_db,identity_seeded_specs_partial
longines-l2-357-4-99-6,Longines,Master Collection,L2.357.4.99.6,Green,Dress,,kaggle:watch_db,identity_seeded_specs_partial
longines-l2-409-4-87-0,Longines,Master Collection,L2.409.4.87.0,White,Dress,,kaggle:watch_db,identity_seeded_specs_partial
longines-l2-409-4-97-6,Longines,Master Collection,L2.409.4.97.6,Blue,Dress,,kaggle:watch_db,identity_seeded_specs_partial
longines-l2-838-4-53-9,Longines,Heritage,L2.838.4.53.9,Black,Pilot,,kaggle:watch_db,identity_seeded_specs_partial
longines-l2-910-4-92-0,Longines,Master Collection,L2.910.4.92.0,Blue,Dress,,kaggle:watch_db,identity_seeded_specs_partial
longines-l3-374-4-80-6,Longines,Legend Diver,L3.374.4.80.6,White,Diver,,kaggle:watch_db,identity_seeded_specs_partial
longines-l3-782-3-56-7,Longines,HydroConquest,L3.782.3.56.7,Black,Diver,,kaggle:watch_db,identity_seeded_specs_partial
longines-l3-811-4-73-6,Longines,Spirit,L3.811.4.73.6,Silver,Chronograph,,kaggle:watch_db,identity_seeded_specs_partial
longines-l3-820-4-73-2,Longines,Spirit,L3.820.4.73.2,Silver,Chronograph,,kaggle:watch_db,identity_seeded_specs_partial
longines-l4-512-4-87-0,Longines,La Grande Classique,L4.512.4.87.0,White,Dress,,kaggle:watch_db,identity_seeded_specs_partial
longines-l4-512-4-91-6,Longines,La Grande Classique,L4.512.4.91.6,Red,Dress,,kaggle:watch_db,identity_seeded_specs_partial
longines-l4-512-4-92-6,Longines,La Grande Classique,L4.512.4.92.6,Green,Dress,,kaggle:watch_db,identity_seeded_specs_partial
longines-l4-766-4-51-6,Longines,La Grande Classique,L4.766.4.51.6,Black,Dress,,kaggle:watch_db,identity_seeded_specs_partial
longines-l4-866-4-94-2,Longines,La Grande Classique,L4.866.4.94.2,Blue,Dress,,kaggle:watch_db,identity_seeded_specs_partial
longines-l4-910-4-92-6,Longines,Elegant,L4.910.4.92.6,Blue,Dress,,kaggle:watch_db,identity_seeded_specs_partial
longines-l4-911-4-11-2,Longines,Elegant,L4.911.4.11.2,White,Dress,,kaggle:watch_db,identity_seeded_specs_partial
longines-l4-911-4-11-6,Longines,Elegant,L4.911.4.11.6,White,Dress,,kaggle:watch_db,identity_seeded_specs_partial
longines-l4-918-1-91-7,Longines,La Grande Classique,L4.918.1.91.7,White,Dress,,kaggle:watch_db,identity_seeded_specs_partial
longines-l4-921-1-12-7,Longines,Presence,L4.921.1.12.7,White,Dress,,kaggle:watch_db,identity_seeded_specs_partial
longines-l4-922-2-11-2,Longines,Presence,L4.922.2.11.2,White,Dress,,kaggle:watch_db,identity_seeded_specs_partial
longines-l4-922-4-12-2,Longines,Presence,L4.922.4.12.2,White,Dress,,kaggle:watch_db,identity_seeded_specs_partial
longines-l4-922-4-52-2,Longines,Presence,L4.922.4.52.2,Black,Dress,,kaggle:watch_db,identity_seeded_specs_partial
longines-l4-960-4-11-6,Longines,Lyre,L4.960.4.11.6,White,,,kaggle:watch_db,identity_seeded_specs_partial
longines-l5-255-4-75-6,Longines,DolceVita,L5.255.4.75.6,White,Dress,,kaggle:watch_db,identity_seeded_specs_partial
longines-l5-255-5-75-7,Longines,DolceVita,L5.255.5.75.7,White,Dress,,kaggle:watch_db,identity_seeded_specs_partial
longines-l5-512-4-50-2,Longines,DolceVita,L5.512.4.50.2,Black,Dress,,kaggle:watch_db,identity_seeded_specs_partial
longines-l5-512-4-90-2,Longines,DolceVita,L5.512.4.90.2,Blue,Dress,,kaggle:watch_db,identity_seeded_specs_partial
longines-l5-512-4-91-2,Longines,DolceVita,L5.512.4.91.2,Red,Dress,,kaggle:watch_db,identity_seeded_specs_partial
longines-l5-512-4-92-2,Longines,DolceVita,L5.512.4.92.2,Red,Dress,,kaggle:watch_db,identity_seeded_specs_partial
longines-l5-512-5-71-7,Longines,DolceVita,L5.512.5.71.7,Silver,Dress,,kaggle:watch_db,identity_seeded_specs_partial
longines-l5-757-4-73-9,Longines,DolceVita,L5.757.4.73.9,Silver,Dress,,kaggle:watch_db,identity_seeded_specs_partial
longines-l8-115-4-91-6,Longines,PrimaLuna,L8.115.4.91.6,Blue,,,kaggle:watch_db,identity_seeded_specs_partial
longines-l8-115-4-92-6,Longines,PrimaLuna,L8.115.4.92.6,Red,,,kaggle:watch_db,identity_seeded_specs_partial
longines-l8-115-5-61-7,Longines,PrimaLuna,L8.115.5.61.7,Taupe,,,kaggle:watch_db,identity_seeded_specs_partial
oris-01-561-7783-4068-07-5-19-18,Oris,Rectangular,01 561 7783 4068-07 5 19 18,Red,,,kaggle:watch_db,identity_seeded_specs_partial
oris-01-733-7707-4357-07-4-20-18,Oris,Divers 65,01 733 7707 4357-07 4 20 18,Green,Diver,,kaggle:watch_db,identity_seeded_specs_partial
oris-01-733-7720-3185-set-ls,Oris,Divers 65,01 733 7720 3185-Set LS,Blue,Diver,,kaggle:watch_db,identity_seeded_specs_partial
oris-01-733-7720-4055-07-4-21-18,Oris,Divers 65,01 733 7720 4055-07 4 21 18,Blue,Diver,,kaggle:watch_db,identity_seeded_specs_partial
oris-01-733-7720-4055-07-5-21-28fc,Oris,Divers 65,01 733 7720 4055-07 5 21 28FC,Blue,Diver,,kaggle:watch_db,identity_seeded_specs_partial
oris-01-733-7730-4154-07-8-24-05peb,Oris,Aquis,01 733 7730 4154-07 8 24 05PEB,Black,Diver,,kaggle:watch_db,identity_seeded_specs_partial
oris-01-733-7730-7153-07-4-24-63teb,Oris,Aquis,01 733 7730 7153-07 4 24 63TEB,Grey,Diver,,kaggle:watch_db,identity_seeded_specs_partial
oris-01-733-7771-3155-07-5-19-04br,Oris,Divers 65,01 733 7771 3155-07 5 19 04BR,Blue,Diver,,kaggle:watch_db,identity_seeded_specs_partial
oris-01-733-7771-3157-07-8-19-15,Oris,Divers 65,01 733 7771 3157-07 8 19 15,Green,Diver,,kaggle:watch_db,identity_seeded_specs_partial
oris-01-733-7771-4058-07-8-19-18,Oris,Divers 65,01 733 7771 4058-07 8 19 18,Pink,Diver,,kaggle:watch_db,identity_seeded_specs_partial
oris-01-743-7733-4159-07-8-24-05peb,Oris,Aquis,01 743 7733 4159-07 8 24 05PEB,Black,Diver,,kaggle:watch_db,identity_seeded_specs_partial
oris-01-751-7761-4164-07-3-20-03lc,Oris,ProPilot,01 751 7761 4164-07 3 20 03LC,Black,Pilot,,kaggle:watch_db,identity_seeded_specs_partial
oris-01-751-7761-4164-07-8-20-08,Oris,ProPilot,01 751 7761 4164-07 8 20 08,Black,Pilot,,kaggle:watch_db,identity_seeded_specs_partial
oris-01-752-7698-4065-07-1-22-72fc,Oris,ProPilot,01 752 7698 4065-07 1 22 72FC,Blue,Pilot,,kaggle:watch_db,identity_seeded_specs_partial
oris-01-752-7733-4135-07-8-24-05peb,Oris,Aquis,01 752 7733 4135-07 8 24 05PEB,Blue,Diver,,kaggle:watch_db,identity_seeded_specs_partial
oris-01-752-7760-4063-07-5-22-07lc,Oris,ProPilot,01 752 7760 4063-07 5 22 07LC,Grey,Pilot,,kaggle:watch_db,identity_seeded_specs_partial
oris-01-754-7741-4064-07-5-20-64,Oris,Big Crown,01 754 7741 4064-07 5 20 64,Black,,,kaggle:watch_db,identity_seeded_specs_partial
oris-01-793-7775-8734-set,Oris,ProPilot,01 793 7775 8734-Set,Black,Pilot,,kaggle:watch_db,identity_seeded_specs_partial
longines-l2-142-4-09-2,Longines,Evidenza,L2.142.4.09.2,Red,Dress,,kaggle:watch_db,identity_seeded_specs_partial
longines-l2-142-4-73-4,Longines,Evidenza,L2.142.4.73.4,Silver,Dress,,kaggle:watch_db,identity_seeded_specs_partial
longines-l2-142-4-76-6,Longines,Evidenza,L2.142.4.76.6,Silver,Dress,,kaggle:watch_db,identity_seeded_specs_partial
longines-l2-320-5-11-2,Longines,Record,L2.320.5.11.2,White,Chronograph,,kaggle:watch_db,identity_seeded_specs_partial
longines-l2-820-8-11-2,Longines,Record,L2.820.8.11.2,White,Chronograph,,kaggle:watch_db,identity_seeded_specs_partial
longines-l2-859-4-92-6,Longines,Master Collection,L2.859.4.92.6,Blue,Chronograph,,kaggle:watch_db,identity_seeded_specs_partial
longines-l3-781-4-59-6,Longines,HydroConquest,L3.781.4.59.6,Black,Diver,,kaggle:watch_db,identity_seeded_specs_partial
longines-l3-782-3-06-7,Longines,HydroConquest,L3.782.3.06.7,Green,Diver,,kaggle:watch_db,identity_seeded_specs_partial
longines-l3-782-3-06-9,Longines,HydroConquest,L3.782.3.06.9,Green,Diver,,kaggle:watch_db,identity_seeded_specs_partial
longines-l4-312-4-11-2,Longines,Elegant,L4.312.4.11.2,White,Dress,,kaggle:watch_db,identity_seeded_specs_partial
longines-l4-312-4-87-6,Longines,Elegant,L4.312.4.87.6,White,Dress,,kaggle:watch_db,identity_seeded_specs_partial
longines-l4-312-5-11-7,Longines,Elegant,L4.312.5.11.7,White,Dress,,kaggle:watch_db,identity_seeded_specs_partial
longines-l4-341-0-97-6,Longines,La Grande Classique,L4.341.0.97.6,Blue,Dress,,kaggle:watch_db,identity_seeded_specs_partial
longines-l4-866-4-11-6,Longines,La Grande Classique,L4.866.4.11.6,White,Dress,,kaggle:watch_db,identity_seeded_specs_partial
longines-l4-866-4-94-6,Longines,La Grande Classique,L4.866.4.94.6,Blue,Dress,,kaggle:watch_db,identity_seeded_specs_partial
longines-l4-905-4-11-6,Longines,Presence,L4.905.4.11.6,White,Dress,,kaggle:watch_db,identity_seeded_specs_partial
longines-l4-908-4-51-2,Longines,La Grande Classique,L4.908.4.51.2,Black,Dress,,kaggle:watch_db,identity_seeded_specs_partial
longines-l4-918-1-91-2,Longines,La Grande Classique,L4.918.1.91.2,White,Dress,,kaggle:watch_db,identity_seeded_specs_partial
longines-l4-918-4-94-6,Longines,La Grande Classique,L4.918.4.94.6,Blue,Dress,,kaggle:watch_db,identity_seeded_specs_partial
longines-l4-922-1-11-2,Longines,Presence,L4.922.1.11.2,White,Dress,,kaggle:watch_db,identity_seeded_specs_partial
longines-l4-922-2-12-7,Longines,Presence,L4.922.2.12.7,White,Dress,,kaggle:watch_db,identity_seeded_specs_partial
longines-l4-961-4-12-6,Longines,Lyre,L4.961.4.12.6,White,,,kaggle:watch_db,identity_seeded_specs_partial
longines-l4-984-4-59-2,Longines,Flagship,L4.984.4.59.2,Black,Dress,,kaggle:watch_db,identity_seeded_specs_partial
longines-l4-984-4-92-6,Longines,Flagship,L4.984.4.92.6,Blue,Dress,,kaggle:watch_db,identity_seeded_specs_partial
longines-l5-255-4-59-2,Longines,DolceVita,L5.255.4.59.2,Black,Dress,,kaggle:watch_db,identity_seeded_specs_partial
longines-l5-255-4-71-7,Longines,DolceVita,L5.255.4.71.7,Silver,Dress,,kaggle:watch_db,identity_seeded_specs_partial
longines-l5-512-4-59-2,Longines,DolceVita,L5.512.4.59.2,Black,Dress,,kaggle:watch_db,identity_seeded_specs_partial
longines-l5-512-4-71-a,Longines,DolceVita,L5.512.4.71.A,Silver,Dress,,kaggle:watch_db,identity_seeded_specs_partial
longines-l5-757-4-71-9,Longines,DolceVita,L5.757.4.71.9,Silver,Dress,,kaggle:watch_db,identity_seeded_specs_partial
longines-l5-757-4-73-3,Longines,DolceVita,L5.757.4.73.3,Silver,Dress,,kaggle:watch_db,identity_seeded_specs_partial
longines-l8-115-4-67-6,Longines,PrimaLuna,L8.115.4.67.6,Green,,,kaggle:watch_db,identity_seeded_specs_partial
oris-01-111-7711-4163-set-1-22-72fc,Oris,ProPilot,01 111 7711 4163-Set 1 22 72FC,Grey,Pilot,,kaggle:watch_db,identity_seeded_specs_partial
oris-01-733-7720-4054-07-5-21-26fc,Oris,Divers 65,01 733 7720 4054-07 5 21 26FC,Black,Diver,,kaggle:watch_db,identity_seeded_specs_partial
oris-01-733-7720-4055-07-5-21-29fc,Oris,Divers 65,01 733 7720 4055-07 5 21 29FC,Blue,Diver,,kaggle:watch_db,identity_seeded_specs_partial
oris-01-733-7720-4057-07-4-21-18,Oris,Divers 65,01 733 7720 4057-07 4 21 18,Green,Diver,,kaggle:watch_db,identity_seeded_specs_partial
oris-01-733-7720-4057-07-5-21-25fc,Oris,Divers 65,01 733 7720 4057-07 5 21 25FC,Green,Diver,,kaggle:watch_db,identity_seeded_specs_partial
oris-01-733-7720-4354-07-4-21-18,Oris,Divers 65,01 733 7720 4354-07 4 21 18,Black,Diver,,kaggle:watch_db,identity_seeded_specs_partial
oris-01-733-7730-4159-07-8-24-05peb,Oris,Aquis,01 733 7730 4159-07 8 24 05PEB,Black,Diver,,kaggle:watch_db,identity_seeded_specs_partial
oris-01-743-7733-4159-07-4-24-64eb,Oris,Aquis,01 743 7733 4159-07 4 24 64EB,Black,Diver,,kaggle:watch_db,identity_seeded_specs_partial
oris-01-751-7761-4063-07-3-20-03lc,Oris,ProPilot,01 751 7761 4063-07 3 20 03LC,Grey,Pilot,,kaggle:watch_db,identity_seeded_specs_partial
oris-01-754-7741-4081-set,Oris,Big Crown,01 754 7741 4081-Set,White,Field,,kaggle:watch_db,identity_seeded_specs_partial
oris-01-781-7729-4051-07-5-21-66fc,Oris,Artelier,01 781 7729 4051-07 5 21 66FC,Silver,GMT,,kaggle:watch_db,identity_seeded_specs_partial
longines-l2-142-4-06-2,Longines,Evidenza,L2.142.4.06.2,Green,Dress,,kaggle:watch_db,identity_seeded_specs_partial
longines-l2-142-4-56-2,Longines,Evidenza,L2.142.4.56.2,Grey,Dress,,kaggle:watch_db,identity_seeded_specs_partial
longines-l2-357-4-08-6,Longines,Master Collection,L2.357.4.08.6,Orange,Dress,,kaggle:watch_db,identity_seeded_specs_partial
longines-l2-409-4-78-3,Longines,Master Collection,L2.409.4.78.3,Silver,Dress,,kaggle:watch_db,identity_seeded_specs_partial
longines-l3-782-3-96-7,Longines,HydroConquest,L3.782.3.96.7,Blue,Diver,,kaggle:watch_db,identity_seeded_specs_partial
longines-l3-821-4-93-6,Longines,Spirit,L3.821.4.93.6,Blue,Chronograph,,kaggle:watch_db,identity_seeded_specs_partial
longines-l4-274-3-91-7,Longines,Flagship,L4.274.3.91.7,White,Dress,,kaggle:watch_db,identity_seeded_specs_partial
longines-l4-274-3-92-7,Longines,Flagship,L4.274.3.92.7,White,Dress,,kaggle:watch_db,identity_seeded_specs_partial
longines-l4-309-4-97-6,Longines,Elegant,L4.309.4.97.6,Blue,Dress,,kaggle:watch_db,identity_seeded_specs_partial
longines-l4-374-4-57-6,Longines,Flagship,L4.374.4.57.6,Black,Dress,,kaggle:watch_db,identity_seeded_specs_partial
longines-l4-523-0-87-6,Longines,La Grande Classique,L4.523.0.87.6,White,Dress,,kaggle:watch_db,identity_seeded_specs_partial
longines-l4-523-0-92-2,Longines,La Grande Classique,L4.523.0.92.2,Orange,Dress,,kaggle:watch_db,identity_seeded_specs_partial
longines-l4-866-4-11-2,Longines,La Grande Classique,L4.866.4.11.2,White,Dress,,kaggle:watch_db,identity_seeded_specs_partial
longines-l4-905-2-11-7,Longines,Presence,L4.905.2.11.7,White,Dress,,kaggle:watch_db,identity_seeded_specs_partial
longines-l4-918-2-11-2,Longines,La Grande Classique,L4.918.2.11.2,White,Dress,,kaggle:watch_db,identity_seeded_specs_partial
longines-l4-918-4-51-6,Longines,La Grande Classique,L4.918.4.51.6,Grey,Dress,,kaggle:watch_db,identity_seeded_specs_partial
longines-l4-918-4-94-2,Longines,La Grande Classique,L4.918.4.94.2,Blue,Dress,,kaggle:watch_db,identity_seeded_specs_partial
longines-l4-922-4-11-2,Longines,Presence,L4.922.4.11.2,White,Dress,,kaggle:watch_db,identity_seeded_specs_partial
longines-l4-922-4-72-6,Longines,Presence,L4.922.4.72.6,Silver,Dress,,kaggle:watch_db,identity_seeded_specs_partial
longines-l4-960-1-11-7,Longines,Lyre,L4.960.1.11.7,White,,,kaggle:watch_db,identity_seeded_specs_partial
longines-l4-974-3-27-7,Longines,Flagship,L4.974.3.27.7,White,Dress,,kaggle:watch_db,identity_seeded_specs_partial
longines-l4-984-4-12-6,Longines,Flagship,L4.984.4.12.6,White,Dress,,kaggle:watch_db,identity_seeded_specs_partial
longines-l5-255-0-71-7,Longines,DolceVita,L5.255.0.71.7,Silver,Dress,,kaggle:watch_db,identity_seeded_specs_partial
longines-l5-255-4-75-2,Longines,DolceVita,L5.255.4.75.2,White,Dress,,kaggle:watch_db,identity_seeded_specs_partial
longines-l5-255-4-79-2,Longines,DolceVita,L5.255.4.79.2,Beige,Dress,,kaggle:watch_db,identity_seeded_specs_partial
longines-l5-255-5-79-7,Longines,DolceVita,L5.255.5.79.7,Silver,Dress,,kaggle:watch_db,identity_seeded_specs_partial
longines-l5-757-4-73-8,Longines,DolceVita,L5.757.4.73.8,Silver,Dress,,kaggle:watch_db,identity_seeded_specs_partial
longines-l8-111-4-98-6,Longines,PrimaLuna,L8.111.4.98.6,Blue,,,kaggle:watch_db,identity_seeded_specs_partial
longines-l8-113-4-99-6,Longines,PrimaLuna,L8.113.4.99.6,Pink,,,kaggle:watch_db,identity_seeded_specs_partial
omega-1102-10-00,Omega,Constellation,1102.10.00,Champagne,Sport,,kaggle:watch_db,identity_seeded_specs_partial
omega-111-15-23-60-55-001-aka-11115236055001,Omega,Constellation,111.15.23.60.55.001,White,Dress,,kaggle:watch_db,identity_seeded_specs_partial
omega-111-15-26-60-55-001-aka-11115266055001,Omega,Constellation,111.15.26.60.55.001,White,Dress,,kaggle:watch_db,identity_seeded_specs_partial
omega-111-20-23-60-55-001-aka-11120236055001,Omega,Constellation,111.20.23.60.55.001,White,Dress,,kaggle:watch_db,identity_seeded_specs_partial
omega-111-20-23-60-55-002,Omega,Constellation,111.20.23.60.55.002,White,Dress,,kaggle:watch_db,identity_seeded_specs_partial
omega-111-20-36-10-52-001-aka-11120361052001,Omega,Constellation,111.20.36.10.52.001,Silver,,,kaggle:watch_db,identity_seeded_specs_partial
omega-111-20-36-10-52-002-aka-11120361052002,Omega,Constellation,111.20.36.10.52.002,Silver,,,kaggle:watch_db,identity_seeded_specs_partial
omega-111-20-36-20-52-001,Omega,Constellation,111.20.36.20.52.001,Silver,Sport,,kaggle:watch_db,identity_seeded_specs_partial
omega-111-20-36-20-58-001,Omega,Constellation,111.20.36.20.58.001,Champagne,Sport,,kaggle:watch_db,identity_seeded_specs_partial
omega-111-25-23-60-55-001,Omega,Constellation,111.25.23.60.55.001,White,Dress,,kaggle:watch_db,identity_seeded_specs_partial
omega-111-25-23-60-55-002-aka-11125236055002,Omega,Constellation,111.25.23.60.55.002,White,Dress,,kaggle:watch_db,identity_seeded_specs_partial
omega-111-25-23-60-55-003-aka-11125236055003,Omega,Constellation,111.25.23.60.55.003,White,Dress,,kaggle:watch_db,identity_seeded_specs_partial
omega-111-25-23-60-58-001-aka-11125236058001,Omega,Constellation,111.25.23.60.58.001,Champagne,Dress,,kaggle:watch_db,identity_seeded_specs_partial
omega-111-25-26-60-58-001-aka-11125266058001,Omega,Constellation,111.25.26.60.58.001,Champagne,Dress,,kaggle:watch_db,identity_seeded_specs_partial
omega-111-25-36-10-52-001,Omega,Constellation,111.25.36.10.52.001,Silver,Sport,,kaggle:watch_db,identity_seeded_specs_partial
omega-111-25-36-10-52-002-aka-11125361052002,Omega,Constellation,111.25.36.10.52.002,Silver,,,kaggle:watch_db,identity_seeded_specs_partial
omega-111-25-36-20-52-001,Omega,Constellation,111.25.36.20.52.001,Silver,Sport,,kaggle:watch_db,identity_seeded_specs_partial
omega-111-25-36-20-58-001-aka-11125362058001,Omega,Constellation,111.25.36.20.58.001,Silver,,,kaggle:watch_db,identity_seeded_specs_partial
omega-111-50-36-10-52-001,Omega,Constellation,111.50.36.10.52.001,Silver,Sport,,kaggle:watch_db,identity_seeded_specs_partial
omega-111-50-36-20-52-001,Omega,Constellation,111.50.36.20.52.001,Silver,Sport,,kaggle:watch_db,identity_seeded_specs_partial
omega-111-55-23-60-58-001,Omega,Constellation,111.55.23.60.58.001,Champagne,Dress,,kaggle:watch_db,identity_seeded_specs_partial
omega-1112-10-00,Omega,Constellation,1112.10.00,Champagne,Dress,,kaggle:watch_db,identity_seeded_specs_partial
omega-1112-30-00,Omega,Constellation,1112.30.00,Silver,Dress,,kaggle:watch_db,identity_seeded_specs_partial
omega-1148-90-39,Omega,Constellation,1148.90.39,White,Dress,,kaggle:watch_db,identity_seeded_specs_partial
omega-1154-75-00,Omega,Constellation,1154.75.00,White,Dress,,kaggle:watch_db,identity_seeded_specs_partial
omega-1156-77-00,Omega,Constellation,1156.77.00,White,Dress,,kaggle:watch_db,identity_seeded_specs_partial
omega-1160-75-00,Omega,Constellation,1160.75.00,White,Dress,,kaggle:watch_db,identity_seeded_specs_partial
omega-1161-71-00,Omega,Constellation,1161.71.00,White,Dress,,kaggle:watch_db,identity_seeded_specs_partial
omega-1165-36-00,Omega,Constellation,1165.36.00,Grey,Dress,,kaggle:watch_db,identity_seeded_specs_partial
omega-1167-15-00,Omega,Constellation,1167.15.00,Champagne,Dress,,kaggle:watch_db,identity_seeded_specs_partial
omega-1167-75-00,Omega,Constellation,1167.75.00,White,Dress,,kaggle:watch_db,identity_seeded_specs_partial
omega-1173-76-00,Omega,Constellation,1173.76.00,White,Dress,,kaggle:watch_db,identity_seeded_specs_partial
omega-1183-79-00,Omega,Constellation,1183.79.00,White,Dress,,kaggle:watch_db,identity_seeded_specs_partial
omega-1186-75-00,Omega,Constellation,1186.75.00,White,Dress,,kaggle:watch_db,identity_seeded_specs_partial
omega-1191-71-00,Omega,Constellation,1191.71.00,White,,,kaggle:watch_db,identity_seeded_specs_partial
omega-1199-75-00,Omega,Constellation,1199.75.00,White,Sport,,kaggle:watch_db,identity_seeded_specs_partial
omega-1201-30-00,Omega,Constellation,1201.30.00,Silver,Sport,,kaggle:watch_db,identity_seeded_specs_partial
omega-1203-10-00,Omega,Constellation,1203.10.00,Champagne,Sport,,kaggle:watch_db,identity_seeded_specs_partial
omega-1203-15-00,Omega,Constellation,1203.15.00,Champagne,Chronograph,,kaggle:watch_db,identity_seeded_specs_partial
omega-121-17-35-50-05-001-aka-12117355005001,Omega,Constellation,121.17.35.50.05.001,White,Chronograph,,kaggle:watch_db,identity_seeded_specs_partial
omega-121-32-44-52-01-001-aka-12132445201001,Omega,Constellation,121.32.44.52.01.001,Black,Chronograph,,kaggle:watch_db,identity_seeded_specs_partial
omega-121-52-41-50-08-001-aka-12152415008001,Omega,Constellation,121.52.41.50.08.001,Champagne,Chronograph,,kaggle:watch_db,identity_seeded_specs_partial
omega-121-57-35-50-02-001,Omega,Constellation,121.57.35.50.02.001,Silver,Chronograph,,kaggle:watch_db,identity_seeded_specs_partial
omega-121-57-35-50-13-001-aka-12157355013001,Omega,Constellation,121.57.35.50.13.001,Brown,Chronograph,,kaggle:watch_db,identity_seeded_specs_partial
omega-121-57-41-50-13-001,Omega,Constellation,121.57.41.50.13.001,Black,Chronograph,,kaggle:watch_db,identity_seeded_specs_partial
omega-121-58-35-50-54-002-aka-12158355054002,Omega,Constellation,121.58.35.50.54.002,Silver,Chronograph,,kaggle:watch_db,identity_seeded_specs_partial
omega-121-58-35-50-54-003-aka-12158355054003,Omega,Constellation,121.58.35.50.54.003,Silver,Chronograph,,kaggle:watch_db,identity_seeded_specs_partial
omega-121-58-35-50-54-004,Omega,Constellation,121.58.35.50.54.004,Silver,Chronograph,,kaggle:watch_db,identity_seeded_specs_partial
omega-121-62-41-50-01-001-aka-12162415001001,Omega,Constellation,121.62.41.50.01.001,Black,Chronograph,,kaggle:watch_db,identity_seeded_specs_partial
omega-121-62-41-50-13-001-aka-12162415013001,Omega,Constellation,121.62.41.50.13.001,Brown,Chronograph,,kaggle:watch_db,identity_seeded_specs_partial
omega-121-92-35-50-01-001-aka-12192355001001,Omega,Constellation,121.92.35.50.01.001,Black,Chronograph,,kaggle:watch_db,identity_seeded_specs_partial
omega-121-92-41-50-01-001-aka-12192415001001,Omega,Constellation,121.92.41.50.01.001,Black,Chronograph,,kaggle:watch_db,identity_seeded_specs_partial
omega-123-10-24-60-02-002-aka-12310246002002,Omega,Constellation,123.10.24.60.02.002,Silver,Dress,,kaggle:watch_db,identity_seeded_specs_partial
omega-123-10-24-60-05-001-aka-12310246005001,Omega,Constellation,123.10.24.60.05.001,White,Dress,,kaggle:watch_db,identity_seeded_specs_partial
omega-123-10-24-60-05-002-aka-12310246005002,Omega,Constellation,123.10.24.60.05.002,White,Dress,,kaggle:watch_db,identity_seeded_specs_partial
omega-123-10-24-60-51-001-aka-12310246051001,Omega,Constellation,123.10.24.60.51.001,Black,Dress,,kaggle:watch_db,identity_seeded_specs_partial
omega-123-10-24-60-51-002-aka-12310246051002,Omega,Constellation,123.10.24.60.51.002,Black,Dress,,kaggle:watch_db,identity_seeded_specs_partial
omega-123-10-24-60-55-001-aka-12310246055001,Omega,Constellation,123.10.24.60.55.001,White,Dress,,kaggle:watch_db,identity_seeded_specs_partial
omega-123-10-24-60-55-003-aka-12310246055003,Omega,Constellation,123.10.24.60.55.003,White,Dress,,kaggle:watch_db,identity_seeded_specs_partial
omega-123-10-24-60-57-001-aka-12310246057001,Omega,Constellation,123.10.24.60.57.001,Blue,Dress,,kaggle:watch_db,identity_seeded_specs_partial
omega-123-10-24-60-57-003-aka-12310246057003,Omega,Constellation,123.10.24.60.57.003,Grey,Dress,,kaggle:watch_db,identity_seeded_specs_partial
omega-123-10-27-20-51-001-aka-12310272051001,Omega,Constellation,123.10.27.20.51.001,Black,Sport,,kaggle:watch_db,identity_seeded_specs_partial
omega-123-10-27-20-55-001-aka-12310272055001,Omega,Constellation,123.10.27.20.55.001,White,Sport,,kaggle:watch_db,identity_seeded_specs_partial
omega-123-10-27-20-55-002-aka-12310272055002,Omega,Constellation,123.10.27.20.55.002,White,Sport,,kaggle:watch_db,identity_seeded_specs_partial
omega-123-10-27-60-02-001-aka-12310276002001,Omega,Constellation,123.10.27.60.02.001,Silver,Dress,,kaggle:watch_db,identity_seeded_specs_partial
omega-123-10-27-60-02-002-aka-12310276002002,Omega,Constellation,123.10.27.60.02.002,Silver,Dress,,kaggle:watch_db,identity_seeded_specs_partial
omega-123-10-27-60-05-001-aka-12310276005001,Omega,Constellation,123.10.27.60.05.001,White,Dress,,kaggle:watch_db,identity_seeded_specs_partial
omega-123-10-27-60-05-002-aka-12310276005002,Omega,Constellation,123.10.27.60.05.002,White,Dress,,kaggle:watch_db,identity_seeded_specs_partial
omega-123-10-27-60-51-001-aka-12310276051001,Omega,Constellation,123.10.27.60.51.001,Black,Dress,,kaggle:watch_db,identity_seeded_specs_partial
omega-123-10-27-60-51-002-aka-12310276051002,Omega,Constellation,123.10.27.60.51.002,Black,Dress,,kaggle:watch_db,identity_seeded_specs_partial
omega-123-10-27-60-52-001-aka-12310276052001,Omega,Constellation,123.10.27.60.52.001,Silver,Dress,,kaggle:watch_db,identity_seeded_specs_partial
omega-123-10-27-60-53-001-aka-12310276053001,Omega,Constellation,123.10.27.60.53.001,Blue,Dress,,kaggle:watch_db,identity_seeded_specs_partial
omega-123-10-27-60-55-001-aka-12310276055001,Omega,Constellation,123.10.27.60.55.001,White,Dress,,kaggle:watch_db,identity_seeded_specs_partial
omega-123-10-27-60-55-002-aka-12310276055002,Omega,Constellation,123.10.27.60.55.002,White,Dress,,kaggle:watch_db,identity_seeded_specs_partial
omega-123-10-27-60-55-003-aka-12310276055003,Omega,Constellation,123.10.27.60.55.003,White,Dress,,kaggle:watch_db,identity_seeded_specs_partial
omega-123-10-27-60-55-004-aka-12310276055004,Omega,Constellation,123.10.27.60.55.004,White,Dress,,kaggle:watch_db,identity_seeded_specs_partial
omega-123-10-27-60-56-001-aka-12310276056001,Omega,Constellation,123.10.27.60.56.001,Grey,Dress,,kaggle:watch_db,identity_seeded_specs_partial
omega-123-10-27-60-57-002-aka-12310276057002,Omega,Constellation,123.10.27.60.57.002,Pink,Dress,,kaggle:watch_db,identity_seeded_specs_partial
omega-123-10-27-60-57-003-aka-12310276057003,Omega,Constellation,123.10.27.60.57.003,Brown,Dress,,kaggle:watch_db,identity_seeded_specs_partial
omega-123-10-31-20-55-001-aka-12310312055001,Omega,Constellation,123.10.31.20.55.001,White,Sport,,kaggle:watch_db,identity_seeded_specs_partial
omega-123-10-35-20-01-001-aka-12310352001001,Omega,Constellation,123.10.35.20.01.001,Black,Sport,,kaggle:watch_db,identity_seeded_specs_partial
omega-123-10-35-20-01-002-aka-12310352001002,Omega,Constellation,123.10.35.20.01.002,Black,Sport,,kaggle:watch_db,identity_seeded_specs_partial
omega-123-10-35-20-02-001-aka-12310352002001,Omega,Constellation,123.10.35.20.02.001,Silver,Sport,,kaggle:watch_db,identity_seeded_specs_partial
omega-123-10-35-20-02-002-aka-12310352002002,Omega,Constellation,123.10.35.20.02.002,Silver,Dress,,kaggle:watch_db,identity_seeded_specs_partial
omega-123-10-35-20-03-002-aka-12310352003002,Omega,Constellation,123.10.35.20.03.002,Blue,Dress,,kaggle:watch_db,identity_seeded_specs_partial
omega-123-10-35-20-06-001-aka-12310352006001,Omega,Constellation,123.10.35.20.06.001,Grey,Dress,,kaggle:watch_db,identity_seeded_specs_partial
omega-123-10-35-20-10-001-aka-12310352010001,Omega,Constellation,123.10.35.20.10.001,Bronze,Dress,,kaggle:watch_db,identity_seeded_specs_partial
omega-123-10-35-20-52-001-aka-12310352052001,Omega,Constellation,123.10.35.20.52.001,Silver,Sport,,kaggle:watch_db,identity_seeded_specs_partial
omega-123-10-35-20-52-002-aka-12310352052002,Omega,Constellation,123.10.35.20.52.002,Silver,Sport,,kaggle:watch_db,identity_seeded_specs_partial
omega-123-10-35-60-01-001-aka-12310356001001,Omega,Constellation,123.10.35.60.01.001,Black,Dress,,kaggle:watch_db,identity_seeded_specs_partial
omega-123-10-38-21-01-001-aka-12310382101001,Omega,Constellation,123.10.38.21.01.001,Black,Sport,,kaggle:watch_db,identity_seeded_specs_partial
omega-123-10-38-21-01-002-aka-12310382101002,Omega,Constellation,123.10.38.21.01.002,Black,Sport,,kaggle:watch_db,identity_seeded_specs_partial
omega-123-10-38-21-02-001-aka-12310382102001,Omega,Constellation,123.10.38.21.02.001,Silver,Sport,,kaggle:watch_db,identity_seeded_specs_partial
omega-123-10-38-21-02-003-aka-12310382102003,Omega,Constellation,123.10.38.21.02.003,Silver,Sport,,kaggle:watch_db,identity_seeded_specs_partial
omega-123-10-38-21-02-004-aka-12310382102004,Omega,Constellation,123.10.38.21.02.004,Silver,Vintage,,kaggle:watch_db,identity_seeded_specs_partial
omega-123-10-38-21-06-001-aka-12310382106001,Omega,Constellation,123.10.38.21.06.001,Grey,Sport,,kaggle:watch_db,identity_seeded_specs_partial
omega-123-10-38-21-06-002-aka-12310382106002,Omega,Constellation,123.10.38.21.06.002,Grey,Sport,,kaggle:watch_db,identity_seeded_specs_partial
omega-123-10-38-21-10-001-aka-12310382110001,Omega,Constellation,123.10.38.21.10.001,Bronze,Sport,,kaggle:watch_db,identity_seeded_specs_partial
omega-123-10-38-21-51-001-aka-12310382151001,Omega,Constellation,123.10.38.21.51.001,Black,Sport,,kaggle:watch_db,identity_seeded_specs_partial
omega-123-10-38-22-01-001-aka-12310382201001,Omega,Constellation,123.10.38.22.01.001,Black,Dress,,kaggle:watch_db,identity_seeded_specs_partial
omega-123-13-35-20-55-001-aka-12313352055001,Omega,Constellation,123.13.35.20.55.001,White,Sport,,kaggle:watch_db,identity_seeded_specs_partial
omega-123-13-35-60-52-001-aka-12313356052001,Omega,Constellation,123.13.35.60.52.001,White,Dress,,kaggle:watch_db,identity_seeded_specs_partial
omega-123-13-35-60-60-001-aka-12313356060001,Omega,Constellation,123.13.35.60.60.001,Purple,Dress,,kaggle:watch_db,identity_seeded_specs_partial
omega-123-15-24-60-03-001-aka-12315246003001,Omega,Constellation,123.15.24.60.03.001,Blue,Dress,,kaggle:watch_db,identity_seeded_specs_partial
omega-123-15-24-60-05-001-aka-12315246005001,Omega,Constellation,123.15.24.60.05.001,White,Dress,,kaggle:watch_db,identity_seeded_specs_partial
omega-123-15-24-60-05-002-aka-12315246005002,Omega,Constellation,123.15.24.60.05.002,White,Dress,,kaggle:watch_db,identity_seeded_specs_partial
omega-123-15-24-60-51-001-aka-12315246051001,Omega,Constellation,123.15.24.60.51.001,Black,Dress,,kaggle:watch_db,identity_seeded_specs_partial
omega-123-15-24-60-51-002-aka-12315246051002,Omega,Constellation,123.15.24.60.51.002,Black,Dress,,kaggle:watch_db,identity_seeded_specs_partial
omega-123-15-24-60-52-001-aka-12315246052001,Omega,Constellation,123.15.24.60.52.001,Silver,Dress,,kaggle:watch_db,identity_seeded_specs_partial
omega-123-15-24-60-55-001-aka-12315246055001,Omega,Constellation,123.15.24.60.55.001,White,Dress,,kaggle:watch_db,identity_seeded_specs_partial
omega-123-15-24-60-55-002-aka-12315246055002,Omega,Constellation,123.15.24.60.55.002,White,Dress,,kaggle:watch_db,identity_seeded_specs_partial
omega-123-15-24-60-55-003-aka-12315246055003,Omega,Constellation,123.15.24.60.55.003,White,Dress,,kaggle:watch_db,identity_seeded_specs_partial
omega-123-15-24-60-55-004-aka-12315246055004,Omega,Constellation,123.15.24.60.55.004,White,Dress,,kaggle:watch_db,identity_seeded_specs_partial
omega-123-15-24-60-55-005-aka-12315246055005,Omega,Constellation,123.15.24.60.55.005,White,Dress,,kaggle:watch_db,identity_seeded_specs_partial
omega-123-15-24-60-55-006-aka-12315246055006,Omega,Constellation,123.15.24.60.55.006,White,Dress,,kaggle:watch_db,identity_seeded_specs_partial
omega-123-15-24-60-57-001-aka-12315246057001,Omega,Constellation,123.15.24.60.57.001,Blue,Dress,,kaggle:watch_db,identity_seeded_specs_partial
omega-123-15-27-20-01-001-aka-12315272001001,Omega,Constellation,123.15.27.20.01.001,Black,Sport,,kaggle:watch_db,identity_seeded_specs_partial
omega-123-15-27-20-03-001-aka-12315272003001,Omega,Constellation,123.15.27.20.03.001,Blue,Sport,,kaggle:watch_db,identity_seeded_specs_partial
omega-123-15-27-20-05-001-aka-12315272005001,Omega,Constellation,123.15.27.20.05.001,White,Sport,,kaggle:watch_db,identity_seeded_specs_partial
omega-123-15-27-20-51-001-aka-12315272051001,Omega,Constellation,123.15.27.20.51.001,Black,Sport,,kaggle:watch_db,identity_seeded_specs_partial
omega-123-15-27-20-53-001-aka-12315272053001,Omega,Constellation,123.15.27.20.53.001,Blue,Dress,,kaggle:watch_db,identity_seeded_specs_partial
omega-123-15-27-20-55-002-aka-12315272055002,Omega,Constellation,123.15.27.20.55.002,White,Sport,,kaggle:watch_db,identity_seeded_specs_partial
omega-123-15-27-20-55-003-aka-12315272055003,Omega,Constellation,123.15.27.20.55.003,White,Sport,,kaggle:watch_db,identity_seeded_specs_partial
omega-123-15-27-20-56-001-aka-12315272056001,Omega,Constellation,123.15.27.20.56.001,Grey,Sport,,kaggle:watch_db,identity_seeded_specs_partial
omega-123-15-27-20-57-001-aka-12315272057001,Omega,Constellation,123.15.27.20.57.001,Blue,Sport,,kaggle:watch_db,identity_seeded_specs_partial
omega-123-15-27-20-57-002-aka-12315272057002,Omega,Constellation,123.15.27.20.57.002,Pink,Sport,,kaggle:watch_db,identity_seeded_specs_partial
omega-123-15-27-20-57-003-aka-12315272057003,Omega,Constellation,123.15.27.20.57.003,Brown,Sport,,kaggle:watch_db,identity_seeded_specs_partial
omega-123-15-27-60-05-002-aka-12315276005002,Omega,Constellation,123.15.27.60.05.002,White,Dress,,kaggle:watch_db,identity_seeded_specs_partial
omega-123-15-27-60-51-001-aka-12315276051001,Omega,Constellation,123.15.27.60.51.001,Black,Dress,,kaggle:watch_db,identity_seeded_specs_partial
omega-123-15-27-60-51-002-aka-12315276051002,Omega,Constellation,123.15.27.60.51.002,Black,Dress,,kaggle:watch_db,identity_seeded_specs_partial
omega-123-15-27-60-52-001-aka-12315276052001,Omega,Constellation,123.15.27.60.52.001,Silver,Dress,,kaggle:watch_db,identity_seeded_specs_partial
omega-123-15-27-60-55-001-aka-12315276055001,Omega,Constellation,123.15.27.60.55.001,White,Dress,,kaggle:watch_db,identity_seeded_specs_partial
omega-123-15-27-60-55-002-aka-12315276055002,Omega,Constellation,123.15.27.60.55.002,White,Dress,,kaggle:watch_db,identity_seeded_specs_partial
omega-123-15-27-60-55-003-aka-12315276055003,Omega,Constellation,123.15.27.60.55.003,White,Dress,,kaggle:watch_db,identity_seeded_specs_partial
omega-123-15-27-60-55-004-aka-12315276055004,Omega,Constellation,123.15.27.60.55.004,White,Dress,,kaggle:watch_db,identity_seeded_specs_partial
omega-123-15-35-20-02-001-aka-12315352002001,Omega,Constellation,123.15.35.20.02.001,Silver,Sport,,kaggle:watch_db,identity_seeded_specs_partial
omega-123-15-35-20-52-001-aka-12315352052001,Omega,Constellation,123.15.35.20.52.001,Silver,Sport,,kaggle:watch_db,identity_seeded_specs_partial
omega-123-18-35-20-56-001-aka-12318352056001,Omega,Constellation,123.18.35.20.56.001,Blue,Sport,,kaggle:watch_db,identity_seeded_specs_partial
omega-123-18-35-60-52-001-aka-12318356052001,Omega,Constellation,123.18.35.60.52.001,White,Dress,,kaggle:watch_db,identity_seeded_specs_partial
omega-123-18-35-60-60-001-aka-12318356060001,Omega,Constellation,123.18.35.60.60.001,Purple,Dress,,kaggle:watch_db,identity_seeded_specs_partial
omega-123-20-24-60-02-003-aka-12320246002003,Omega,Constellation,123.20.24.60.02.003,Silver,Dress,,kaggle:watch_db,identity_seeded_specs_partial
omega-123-20-24-60-02-004-aka-12320246002004,Omega,Constellation,123.20.24.60.02.004,Silver,Dress,,kaggle:watch_db,identity_seeded_specs_partial
omega-123-20-24-60-05-001-aka-12320246005001,Omega,Constellation,123.20.24.60.05.001,White,Dress,,kaggle:watch_db,identity_seeded_specs_partial
omega-123-20-24-60-05-002-aka-12320246005002,Omega,Constellation,123.20.24.60.05.002,White,Dress,,kaggle:watch_db,identity_seeded_specs_partial
omega-123-20-24-60-05-003-aka-12320246005003,Omega,Constellation,123.20.24.60.05.003,White,Dress,,kaggle:watch_db,identity_seeded_specs_partial
omega-123-20-24-60-05-004-aka-12320246005004,Omega,Constellation,123.20.24.60.05.004,White,Dress,,kaggle:watch_db,identity_seeded_specs_partial
omega-123-20-24-60-08-001-aka-12320246008001,Omega,Constellation,123.20.24.60.08.001,Champagne,Dress,,kaggle:watch_db,identity_seeded_specs_partial
omega-123-20-24-60-08-002-aka-12320246008002,Omega,Constellation,123.20.24.60.08.002,Champagne,Dress,,kaggle:watch_db,identity_seeded_specs_partial
omega-123-20-24-60-55-001-aka-12320246055001,Omega,Constellation,123.20.24.60.55.001,White,Dress,,kaggle:watch_db,identity_seeded_specs_partial
omega-123-20-24-60-55-002-aka-12320246055002,Omega,Constellation,123.20.24.60.55.002,White,Dress,,kaggle:watch_db,identity_seeded_specs_partial
omega-123-20-24-60-55-004-aka-12320246055004,Omega,Constellation,123.20.24.60.55.004,White,Dress,,kaggle:watch_db,identity_seeded_specs_partial
omega-123-20-24-60-55-006-aka-12320246055006,Omega,Constellation,123.20.24.60.55.006,White,Dress,,kaggle:watch_db,identity_seeded_specs_partial
omega-123-20-24-60-55-007-aka-12320246055007,Omega,Constellation,123.20.24.60.55.007,White,Integrated Bracelet,,kaggle:watch_db,identity_seeded_specs_partial
omega-123-20-24-60-57-001-aka-12320246057001,Omega,Constellation,123.20.24.60.57.001,Champagne,Dress,,kaggle:watch_db,identity_seeded_specs_partial
omega-123-20-24-60-57-003-aka-12320246057003,Omega,Constellation,123.20.24.60.57.003,Pink,Dress,,kaggle:watch_db,identity_seeded_specs_partial
omega-123-20-24-60-57-006-aka-12320246057006,Omega,Constellation,123.20.24.60.57.006,Grey,Dress,,kaggle:watch_db,identity_seeded_specs_partial
omega-123-20-24-60-58-001-aka-12320246058001,Omega,Constellation,123.20.24.60.58.001,Champagne,Dress,,kaggle:watch_db,identity_seeded_specs_partial
omega-123-20-24-60-58-002-aka-12320246058002,Omega,Constellation,123.20.24.60.58.002,Champagne,Dress,,kaggle:watch_db,identity_seeded_specs_partial
omega-123-20-24-60-63-001-aka-12320246063001,Omega,Constellation,123.20.24.60.63.001,Brown,Dress,,kaggle:watch_db,identity_seeded_specs_partial
omega-123-20-24-60-63-002-aka-12320246063002,Omega,Constellation,123.20.24.60.63.002,Brown,Dress,,kaggle:watch_db,identity_seeded_specs_partial
omega-123-20-27-20-53-001-aka-12320272053001,Omega,Constellation,123.20.27.20.53.001,Blue,Sport,,kaggle:watch_db,identity_seeded_specs_partial
omega-123-20-27-20-53-002-aka-12320272053002,Omega,Constellation,123.20.27.20.53.002,Blue,Sport,,kaggle:watch_db,identity_seeded_specs_partial
omega-123-20-27-20-55-001-aka-12320272055001,Omega,Constellation,123.20.27.20.55.001,White,Sport,,kaggle:watch_db,identity_seeded_specs_partial
omega-123-20-27-20-55-002-aka-12320272055002,Omega,Constellation,123.20.27.20.55.002,White,Sport,,kaggle:watch_db,identity_seeded_specs_partial
omega-123-20-27-20-55-003-aka-12320272055003,Omega,Constellation,123.20.27.20.55.003,White,Sport,,kaggle:watch_db,identity_seeded_specs_partial
omega-123-20-27-20-55-004-aka-12320272055004,Omega,Constellation,123.20.27.20.55.004,White,Sport,,kaggle:watch_db,identity_seeded_specs_partial
omega-123-20-27-20-55-005-aka-12320272055005,Omega,Constellation,123.20.27.20.55.005,White,Sport,,kaggle:watch_db,identity_seeded_specs_partial
omega-123-20-27-20-57-001-aka-12320272057001,Omega,Constellation,123.20.27.20.57.001,Brown,Sport,,kaggle:watch_db,identity_seeded_specs_partial
omega-123-20-27-20-57-002-aka-12320272057002,Omega,Constellation,123.20.27.20.57.002,Champagne,Sport,,kaggle:watch_db,identity_seeded_specs_partial
omega-123-20-27-20-57-003-aka-12320272057003,Omega,Constellation,123.20.27.20.57.003,Champagne,Sport,,kaggle:watch_db,identity_seeded_specs_partial
omega-123-20-27-20-58-001-aka-12320272058001,Omega,Constellation,123.20.27.20.58.001,Champagne,Sport,,kaggle:watch_db,identity_seeded_specs_partial
omega-123-20-27-60-02-001-aka-12320276002001,Omega,Constellation,123.20.27.60.02.001,Silver,Dress,,kaggle:watch_db,identity_seeded_specs_partial
omega-123-20-27-60-02-003-aka-12320276002003,Omega,Constellation,123.20.27.60.02.003,Silver,Dress,,kaggle:watch_db,identity_seeded_specs_partial
omega-123-20-27-60-02-004-aka-12320276002004,Omega,Constellation,123.20.27.60.02.004,Silver,Dress,,kaggle:watch_db,identity_seeded_specs_partial
omega-123-20-27-60-05-001-aka-12320276005001,Omega,Constellation,123.20.27.60.05.001,White,Dress,,kaggle:watch_db,identity_seeded_specs_partial
omega-123-20-27-60-05-002-aka-12320276005002,Omega,Constellation,123.20.27.60.05.002,White,Dress,,kaggle:watch_db,identity_seeded_specs_partial
omega-123-20-27-60-05-003-aka-12320276005003,Omega,Constellation,123.20.27.60.05.003,White,Dress,,kaggle:watch_db,identity_seeded_specs_partial
omega-123-20-27-60-08-001-aka-12320276008001,Omega,Constellation,123.20.27.60.08.001,Champagne,Dress,,kaggle:watch_db,identity_seeded_specs_partial
omega-123-20-27-60-08-002-aka-12320276008002,Omega,Constellation,123.20.27.60.08.002,Champagne,Dress,,kaggle:watch_db,identity_seeded_specs_partial
omega-123-20-27-60-52-001-aka-12320276052001,Omega,Constellation,123.20.27.60.52.001,Silver,Vintage,,kaggle:watch_db,identity_seeded_specs_partial
omega-123-20-27-60-52-002-aka-12320276052002,Omega,Constellation,123.20.27.60.52.002,Silver,Dress,,kaggle:watch_db,identity_seeded_specs_partial
omega-123-20-27-60-55-001-aka-12320276055001,Omega,Constellation,123.20.27.60.55.001,White,Dress,,kaggle:watch_db,identity_seeded_specs_partial
omega-123-20-27-60-55-002-aka-12320276055002,Omega,Constellation,123.20.27.60.55.002,White,Dress,,kaggle:watch_db,identity_seeded_specs_partial
omega-123-20-27-60-55-003-aka-12320276055003,Omega,Constellation,123.20.27.60.55.003,White,Dress,,kaggle:watch_db,identity_seeded_specs_partial
omega-123-20-27-60-55-004-aka-12320276055004,Omega,Constellation,123.20.27.60.55.004,White,Dress,,kaggle:watch_db,identity_seeded_specs_partial
omega-123-20-27-60-55-005-aka-12320276055005,Omega,Constellation,123.20.27.60.55.005,White,Dress,,kaggle:watch_db,identity_seeded_specs_partial
omega-123-20-27-60-55-006-aka-12320276055006,Omega,Constellation,123.20.27.60.55.006,White,Dress,,kaggle:watch_db,identity_seeded_specs_partial
omega-123-20-27-60-55-007-aka-12320276055007,Omega,Constellation,123.20.27.60.55.007,White,Dress,,kaggle:watch_db,identity_seeded_specs_partial
omega-123-20-27-60-57-004-aka-12320276057004,Omega,Constellation,123.20.27.60.57.004,Pink,Dress,,kaggle:watch_db,identity_seeded_specs_partial
omega-123-20-27-60-57-005-aka-12320276057005,Omega,Constellation,123.20.27.60.57.005,Pink,Dress,,kaggle:watch_db,identity_seeded_specs_partial
omega-123-20-27-60-57-006-aka-12320276057006,Omega,Constellation,123.20.27.60.57.006,Brown,Dress,,kaggle:watch_db,identity_seeded_specs_partial
omega-123-20-27-60-57-007-aka-12320276057007,Omega,Constellation,123.20.27.60.57.007,Brown,Dress,,kaggle:watch_db,identity_seeded_specs_partial
omega-123-20-27-60-58-001-aka-12320276058001,Omega,Constellation,123.20.27.60.58.001,Champagne,Dress,,kaggle:watch_db,identity_seeded_specs_partial
omega-123-20-27-60-58-002-aka-12320276058002,Omega,Constellation,123.20.27.60.58.002,Champagne,Dress,,kaggle:watch_db,identity_seeded_specs_partial
omega-123-20-27-60-63-001-aka-12320276063001,Omega,Constellation,123.20.27.60.63.001,Brown,Dress,,kaggle:watch_db,identity_seeded_specs_partial
omega-123-20-27-60-63-002-aka-12320276063002,Omega,Constellation,123.20.27.60.63.002,Brown,Dress,,kaggle:watch_db,identity_seeded_specs_partial
omega-123-20-27-60-63-003-aka-12320276063003,Omega,Constellation,123.20.27.60.63.003,Brown,Dress,,kaggle:watch_db,identity_seeded_specs_partial
omega-123-20-31-20-08-001-aka-12320312008001,Omega,Constellation,123.20.31.20.08.001,Champagne,Sport,,kaggle:watch_db,identity_seeded_specs_partial
omega-123-20-31-20-55-001-aka-12320312055001,Omega,Constellation,123.20.31.20.55.001,White,Sport,,kaggle:watch_db,identity_seeded_specs_partial
omega-123-20-31-20-55-002-aka-12320312055002,Omega,Constellation,123.20.31.20.55.002,White,Sport,,kaggle:watch_db,identity_seeded_specs_partial
omega-123-20-31-20-55-003-aka-12320312055003,Omega,Constellation,123.20.31.20.55.003,White,Sport,,kaggle:watch_db,identity_seeded_specs_partial
omega-123-20-31-20-55-004-aka-12320312055004,Omega,Constellation,123.20.31.20.55.004,White,Sport,,kaggle:watch_db,identity_seeded_specs_partial
omega-123-20-35-20-01-001-aka-12320352001001,Omega,Constellation,123.20.35.20.01.001,Black,Sport,,kaggle:watch_db,identity_seeded_specs_partial
omega-123-20-35-20-01-002-aka-12320352001002,Omega,Constellation,123.20.35.20.01.002,Black,Sport,,kaggle:watch_db,identity_seeded_specs_partial
omega-123-20-35-20-02-001-aka-12320352002001,Omega,Constellation,123.20.35.20.02.001,Silver,Sport,,kaggle:watch_db,identity_seeded_specs_partial
omega-123-20-35-20-02-002-aka-12320352002002,Omega,Constellation,123.20.35.20.02.002,Silver,Sport,,kaggle:watch_db,identity_seeded_specs_partial
omega-123-20-35-20-02-004-aka-12320352002004,Omega,Constellation,123.20.35.20.02.004,Silver,Sport,,kaggle:watch_db,identity_seeded_specs_partial
omega-123-20-35-20-02-005-aka-12320352002005,Omega,Constellation,123.20.35.20.02.005,Silver,Dress,,kaggle:watch_db,identity_seeded_specs_partial
omega-123-20-35-20-02-006-aka-12320352002006,Omega,Constellation,123.20.35.20.02.006,Silver,Dress,,kaggle:watch_db,identity_seeded_specs_partial
omega-123-20-35-20-06-001-aka-12320352006001,Omega,Constellation,123.20.35.20.06.001,Grey,Dress,,kaggle:watch_db,identity_seeded_specs_partial
omega-123-20-35-20-06-002-aka-12320352006002,Omega,Constellation,123.20.35.20.06.002,Grey,Dress,,kaggle:watch_db,identity_seeded_specs_partial
omega-123-20-35-20-08-001-aka-12320352008001,Omega,Constellation,123.20.35.20.08.001,Champagne,Sport,,kaggle:watch_db,identity_seeded_specs_partial
omega-123-20-35-20-52-001-aka-12320352052001,Omega,Constellation,123.20.35.20.52.001,Silver,Sport,,kaggle:watch_db,identity_seeded_specs_partial
omega-123-20-35-20-52-002-aka-12320352052002,Omega,Constellation,123.20.35.20.52.002,Silver,Sport,,kaggle:watch_db,identity_seeded_specs_partial
omega-123-20-35-20-52-003-aka-12320352052003,Omega,Constellation,123.20.35.20.52.003,Silver,Sport,,kaggle:watch_db,identity_seeded_specs_partial
omega-123-20-35-20-52-004-aka-12320352052004,Omega,Constellation,123.20.35.20.52.004,Silver,Sport,,kaggle:watch_db,identity_seeded_specs_partial
omega-123-20-35-20-58-001-aka-12320352058001,Omega,Constellation,123.20.35.20.58.001,Champagne,Sport,,kaggle:watch_db,identity_seeded_specs_partial
omega-123-20-35-20-63-001-aka-12320352063001,Omega,Constellation,123.20.35.20.63.001,Brown,Sport,,kaggle:watch_db,identity_seeded_specs_partial
omega-123-20-35-60-02-001-aka-12320356002001,Omega,Constellation,123.20.35.60.02.001,Silver,Dress,,kaggle:watch_db,identity_seeded_specs_partial
omega-123-20-35-60-08-001-aka-12320356008001,Omega,Constellation,123.20.35.60.08.001,Champagne,Dress,,kaggle:watch_db,identity_seeded_specs_partial
omega-123-20-38-21-01-001-aka-12320382101001,Omega,Constellation,123.20.38.21.01.001,Black,Sport,,kaggle:watch_db,identity_seeded_specs_partial
omega-123-20-38-21-01-002-aka-12320382101002,Omega,Constellation,123.20.38.21.01.002,Black,Sport,,kaggle:watch_db,identity_seeded_specs_partial
omega-123-20-38-21-02-002-aka-12320382102002,Omega,Constellation,123.20.38.21.02.002,Silver,Sport,,kaggle:watch_db,identity_seeded_specs_partial
omega-123-20-38-21-02-004-aka-12320382102004,Omega,Constellation,123.20.38.21.02.004,Silver,Sport,,kaggle:watch_db,identity_seeded_specs_partial
omega-123-20-38-21-02-005-aka-12320382102005,Omega,Constellation,123.20.38.21.02.005,Silver,Sport,,kaggle:watch_db,identity_seeded_specs_partial
omega-123-20-38-21-02-006-aka-12320382102006,Omega,Constellation,123.20.38.21.02.006,Silver,Vintage,,kaggle:watch_db,identity_seeded_specs_partial
omega-123-20-38-21-02-007-aka-12320382102007,Omega,Constellation,123.20.38.21.02.007,Silver,Vintage,,kaggle:watch_db,identity_seeded_specs_partial
omega-123-20-38-21-02-008-aka-12320382102008,Omega,Constellation,123.20.38.21.02.008,Silver,Sport,,kaggle:watch_db,identity_seeded_specs_partial
omega-123-20-38-21-02-009-aka-12320382102009,Omega,Constellation,123.20.38.21.02.009,Silver,Sport,,kaggle:watch_db,identity_seeded_specs_partial
omega-123-20-38-21-03-001-aka-12320382103001,Omega,Constellation,123.20.38.21.03.001,Blue,Sport,,kaggle:watch_db,identity_seeded_specs_partial
omega-123-20-38-21-06-001-aka-12320382106001,Omega,Constellation,123.20.38.21.06.001,Grey,Sport,,kaggle:watch_db,identity_seeded_specs_partial
omega-123-20-38-21-08-001-aka-12320382108001,Omega,Constellation,123.20.38.21.08.001,Champagne,Sport,,kaggle:watch_db,identity_seeded_specs_partial
omega-123-20-38-21-08-002-aka-12320382108002,Omega,Constellation,123.20.38.21.08.002,Champagne,Sport,,kaggle:watch_db,identity_seeded_specs_partial
omega-123-20-38-21-13-001-aka-12320382113001,Omega,Constellation,123.20.38.21.13.001,Brown,Sport,,kaggle:watch_db,identity_seeded_specs_partial
omega-123-20-38-21-52-001-aka-12320382152001,Omega,Constellation,123.20.38.21.52.001,Silver,Sport,,kaggle:watch_db,identity_seeded_specs_partial
omega-123-20-38-21-63-001-aka-12320382163001,Omega,Constellation,123.20.38.21.63.001,Brown,Sport,,kaggle:watch_db,identity_seeded_specs_partial
omega-123-20-38-22-02-001-aka-12320382202001,Omega,Constellation,123.20.38.22.02.001,Silver,Dress,,kaggle:watch_db,identity_seeded_specs_partial
omega-123-20-38-22-02-002-aka-12320382202002,Omega,Constellation,123.20.38.22.02.002,Silver,Dress,,kaggle:watch_db,identity_seeded_specs_partial
omega-123-25-24-60-05-001-aka-12325246005001,Omega,Constellation,123.25.24.60.05.001,White,Dress,,kaggle:watch_db,identity_seeded_specs_partial
omega-123-25-24-60-05-002-aka-12325246005002,Omega,Constellation,123.25.24.60.05.002,White,Dress,,kaggle:watch_db,identity_seeded_specs_partial
omega-123-25-24-60-52-001-aka-12325246052001,Omega,Constellation,123.25.24.60.52.001,Silver,Dress,,kaggle:watch_db,identity_seeded_specs_partial
omega-123-25-24-60-52-002-aka-12325246052002,Omega,Constellation,123.25.24.60.52.002,Silver,Dress,,kaggle:watch_db,identity_seeded_specs_partial
omega-123-25-24-60-53-001-aka-12325246053001,Omega,Constellation,123.25.24.60.53.001,Blue,Dress,,kaggle:watch_db,identity_seeded_specs_partial
omega-123-25-24-60-55-001-aka-12325246055001,Omega,Constellation,123.25.24.60.55.001,White,Dress,,kaggle:watch_db,identity_seeded_specs_partial
omega-123-25-24-60-55-002-aka-12325246055002,Omega,Constellation,123.25.24.60.55.002,White,Dress,,kaggle:watch_db,identity_seeded_specs_partial
omega-123-25-24-60-55-003-aka-12325246055003,Omega,Constellation,123.25.24.60.55.003,White,Dress,,kaggle:watch_db,identity_seeded_specs_partial
omega-123-25-24-60-55-004-aka-12325246055004,Omega,Constellation,123.25.24.60.55.004,White,Dress,,kaggle:watch_db,identity_seeded_specs_partial
omega-123-25-24-60-55-005-aka-12325246055005,Omega,Constellation,123.25.24.60.55.005,White,Dress,,kaggle:watch_db,identity_seeded_specs_partial
omega-123-25-24-60-55-006-aka-12325246055006,Omega,Constellation,123.25.24.60.55.006,White,Dress,,kaggle:watch_db,identity_seeded_specs_partial
omega-123-25-24-60-55-007-aka-12325246055007,Omega,Constellation,123.25.24.60.55.007,White,Dress,,kaggle:watch_db,identity_seeded_specs_partial
omega-123-25-24-60-55-008-aka-12325246055008,Omega,Constellation,123.25.24.60.55.008,White,Dress,,kaggle:watch_db,identity_seeded_specs_partial
omega-123-25-24-60-55-009-aka-12325246055009,Omega,Constellation,123.25.24.60.55.009,White,Dress,,kaggle:watch_db,identity_seeded_specs_partial
omega-123-25-24-60-55-010-aka-12325246055010,Omega,Constellation,123.25.24.60.55.010,White,Dress,,kaggle:watch_db,identity_seeded_specs_partial
omega-123-25-24-60-57-001-aka-12325246057001,Omega,Constellation,123.25.24.60.57.001,Champagne,Dress,,kaggle:watch_db,identity_seeded_specs_partial
omega-123-25-24-60-58-001-aka-12325246058001,Omega,Constellation,123.25.24.60.58.001,Champagne,Dress,,kaggle:watch_db,identity_seeded_specs_partial
omega-123-25-24-60-58-002-aka-12325246058002,Omega,Constellation,123.25.24.60.58.002,Champagne,Dress,,kaggle:watch_db,identity_seeded_specs_partial
omega-123-25-24-60-63-001-aka-12325246063001,Omega,Constellation,123.25.24.60.63.001,Brown,Dress,,kaggle:watch_db,identity_seeded_specs_partial
omega-123-25-24-60-63-002-aka-12325246063002,Omega,Constellation,123.25.24.60.63.002,Brown,Dress,,kaggle:watch_db,identity_seeded_specs_partial
omega-123-25-27-20-05-001-aka-12325272005001,Omega,Constellation,123.25.27.20.05.001,White,Sport,,kaggle:watch_db,identity_seeded_specs_partial
omega-123-25-27-20-05-002-aka-12325272005002,Omega,Constellation,123.25.27.20.05.002,White,Sport,,kaggle:watch_db,identity_seeded_specs_partial
omega-123-25-27-20-55-001-aka-12325272055001,Omega,Constellation,123.25.27.20.55.001,White,Sport,,kaggle:watch_db,identity_seeded_specs_partial
omega-123-25-27-20-55-003-aka-12325272055003,Omega,Constellation,123.25.27.20.55.003,White,Sport,,kaggle:watch_db,identity_seeded_specs_partial
omega-123-25-27-20-55-004-aka-12325272055004,Omega,Constellation,123.25.27.20.55.004,White,Sport,,kaggle:watch_db,identity_seeded_specs_partial
omega-123-25-27-20-55-005-aka-12325272055005,Omega,Constellation,123.25.27.20.55.005,White,Sport,,kaggle:watch_db,identity_seeded_specs_partial
omega-123-25-27-20-55-006-aka-12325272055006,Omega,Constellation,123.25.27.20.55.006,White,Sport,,kaggle:watch_db,identity_seeded_specs_partial
omega-123-25-27-20-55-007-aka-12325272055007,Omega,Constellation,123.25.27.20.55.007,White,Sport,,kaggle:watch_db,identity_seeded_specs_partial
omega-123-25-27-20-57-001-aka-12325272057001,Omega,Constellation,123.25.27.20.57.001,Brown,Sport,,kaggle:watch_db,identity_seeded_specs_partial
omega-123-25-27-20-57-002-aka-12325272057002,Omega,Constellation,123.25.27.20.57.002,Champagne,Sport,,kaggle:watch_db,identity_seeded_specs_partial
omega-123-25-27-20-57-004-aka-12325272057004,Omega,Constellation,123.25.27.20.57.004,Pink,Sport,,kaggle:watch_db,identity_seeded_specs_partial
omega-123-25-27-20-57-005-aka-12325272057005,Omega,Constellation,123.25.27.20.57.005,Pink,Sport,,kaggle:watch_db,identity_seeded_specs_partial
omega-123-25-27-20-57-006-aka-12325272057006,Omega,Constellation,123.25.27.20.57.006,Brown,Sport,,kaggle:watch_db,identity_seeded_specs_partial
omega-123-25-27-20-57-007-aka-12325272057007,Omega,Constellation,123.25.27.20.57.007,Brown,Sport,,kaggle:watch_db,identity_seeded_specs_partial
omega-123-25-27-20-58-001-aka-12325272058001,Omega,Constellation,123.25.27.20.58.001,Champagne,Sport,,kaggle:watch_db,identity_seeded_specs_partial
omega-123-25-27-20-58-002-aka-12325272058002,Omega,Constellation,123.25.27.20.58.002,Champagne,Sport,,kaggle:watch_db,identity_seeded_specs_partial
omega-123-25-27-20-63-001-aka-12325272063001,Omega,Constellation,123.25.27.20.63.001,Brown,Sport,,kaggle:watch_db,identity_seeded_specs_partial
omega-123-25-27-60-52-001-aka-12325276052001,Omega,Constellation,123.25.27.60.52.001,Silver,Dress,,kaggle:watch_db,identity_seeded_specs_partial
omega-123-25-27-60-52-002-aka-12325276052002,Omega,Constellation,123.25.27.60.52.002,Silver,Dress,,kaggle:watch_db,identity_seeded_specs_partial
omega-123-25-27-60-53-001-aka-12325276053001,Omega,Constellation,123.25.27.60.53.001,Blue,Dress,,kaggle:watch_db,identity_seeded_specs_partial
omega-123-25-27-60-55-001-aka-12325276055001,Omega,Constellation,123.25.27.60.55.001,White,Dress,,kaggle:watch_db,identity_seeded_specs_partial
omega-123-25-27-60-55-003-aka-12325276055003,Omega,Constellation,123.25.27.60.55.003,White,Dress,,kaggle:watch_db,identity_seeded_specs_partial
omega-123-25-27-60-55-004-aka-12325276055004,Omega,Constellation,123.25.27.60.55.004,White,Dress,,kaggle:watch_db,identity_seeded_specs_partial
omega-123-25-27-60-55-005-aka-12325276055005,Omega,Constellation,123.25.27.60.55.005,White,Dress,,kaggle:watch_db,identity_seeded_specs_partial
omega-123-25-27-60-55-006-aka-12325276055006,Omega,Constellation,123.25.27.60.55.006,White,Dress,,kaggle:watch_db,identity_seeded_specs_partial
omega-123-25-27-60-55-007-aka-12325276055007,Omega,Constellation,123.25.27.60.55.007,White,Dress,,kaggle:watch_db,identity_seeded_specs_partial
omega-123-25-27-60-55-008-aka-12325276055008,Omega,Constellation,123.25.27.60.55.008,White,Dress,,kaggle:watch_db,identity_seeded_specs_partial
omega-123-25-27-60-55-009-aka-12325276055009,Omega,Constellation,123.25.27.60.55.009,White,Dress,,kaggle:watch_db,identity_seeded_specs_partial
omega-123-25-27-60-55-010-aka-12325276055010,Omega,Constellation,123.25.27.60.55.010,White,Dress,,kaggle:watch_db,identity_seeded_specs_partial
omega-123-25-27-60-58-001-aka-12325276058001,Omega,Constellation,123.25.27.60.58.001,Champagne,Dress,,kaggle:watch_db,identity_seeded_specs_partial
omega-123-25-27-60-63-001-aka-12325276063001,Omega,Constellation,123.25.27.60.63.001,Brown,Dress,,kaggle:watch_db,identity_seeded_specs_partial
omega-123-25-27-60-63-002-aka-12325276063002,Omega,Constellation,123.25.27.60.63.002,Brown,Dress,,kaggle:watch_db,identity_seeded_specs_partial
omega-123-25-31-20-53-001-aka-12325312053001,Omega,Constellation,123.25.31.20.53.001,Blue,Sport,,kaggle:watch_db,identity_seeded_specs_partial
omega-123-25-31-20-55-001-aka-12325312055001,Omega,Constellation,123.25.31.20.55.001,White,Sport,,kaggle:watch_db,identity_seeded_specs_partial
omega-123-25-31-20-55-002-aka-12325312055002,Omega,Constellation,123.25.31.20.55.002,White,Sport,,kaggle:watch_db,identity_seeded_specs_partial
omega-123-25-31-20-55-003-aka-12325312055003,Omega,Constellation,123.25.31.20.55.003,White,Sport,,kaggle:watch_db,identity_seeded_specs_partial
omega-123-25-31-20-58-001-aka-12325312058001,Omega,Constellation,123.25.31.20.58.001,Champagne,Sport,,kaggle:watch_db,identity_seeded_specs_partial
omega-123-25-31-20-63-001-aka-12325312063001,Omega,Constellation,123.25.31.20.63.001,Brown,Sport,,kaggle:watch_db,identity_seeded_specs_partial
omega-123-25-35-20-52-002-aka-12325352052002,Omega,Constellation,123.25.35.20.52.002,Silver,Sport,,kaggle:watch_db,identity_seeded_specs_partial
omega-123-25-35-20-52-003-aka-12325352052003,Omega,Constellation,123.25.35.20.52.003,Silver,Sport,,kaggle:watch_db,identity_seeded_specs_partial
omega-123-25-35-20-58-001-aka-12325352058001,Omega,Constellation,123.25.35.20.58.001,Champagne,Sport,,kaggle:watch_db,identity_seeded_specs_partial
omega-123-25-35-20-58-002-aka-12325352058002,Omega,Constellation,123.25.35.20.58.002,Champagne,Sport,,kaggle:watch_db,identity_seeded_specs_partial
omega-123-25-35-20-63-001-aka-12325352063001,Omega,Constellation,123.25.35.20.63.001,Brown,Sport,,kaggle:watch_db,identity_seeded_specs_partial
omega-123-25-38-21-52-001-aka-12325382152001,Omega,Constellation,123.25.38.21.52.001,Silver,Sport,,kaggle:watch_db,identity_seeded_specs_partial
omega-123-25-38-21-52-002-aka-12325382152002,Omega,Constellation,123.25.38.21.52.002,Silver,Sport,,kaggle:watch_db,identity_seeded_specs_partial
omega-123-25-38-21-52-003-aka-12325382152003,Omega,Constellation,123.25.38.21.52.003,Silver,Sport,,kaggle:watch_db,identity_seeded_specs_partial
omega-123-25-38-21-58-001-aka-12325382158001,Omega,Constellation,123.25.38.21.58.001,Champagne,Sport,,kaggle:watch_db,identity_seeded_specs_partial
omega-123-25-38-21-58-002-aka-12325382158002,Omega,Constellation,123.25.38.21.58.002,Champagne,Sport,,kaggle:watch_db,identity_seeded_specs_partial
omega-123-25-38-21-63-001-aka-12325382163001,Omega,Constellation,123.25.38.21.63.001,Brown,Sport,,kaggle:watch_db,identity_seeded_specs_partial
omega-123-25-38-22-02-001-aka-12325382202001,Omega,Constellation,123.25.38.22.02.001,Silver,Chronograph,,kaggle:watch_db,identity_seeded_specs_partial
omega-123-25-38-22-02-002-aka-12325382202002,Omega,Constellation,123.25.38.22.02.002,Silver,Dress,,kaggle:watch_db,identity_seeded_specs_partial
omega-123-50-24-60-02-001-aka-12350246002001,Omega,Constellation,123.50.24.60.02.001,Silver,Dress,,kaggle:watch_db,identity_seeded_specs_partial
omega-123-50-24-60-02-002-aka-12350246002002,Omega,Constellation,123.50.24.60.02.002,Silver,Dress,,kaggle:watch_db,identity_seeded_specs_partial
omega-123-50-24-60-02-003-aka-12350246002003,Omega,Constellation,123.50.24.60.02.003,Silver,Dress,,kaggle:watch_db,identity_seeded_specs_partial
omega-123-50-24-60-05-001-aka-12350246005001,Omega,Constellation,123.50.24.60.05.001,White,Dress,,kaggle:watch_db,identity_seeded_specs_partial
omega-123-50-24-60-05-002-aka-12350246005002,Omega,Constellation,123.50.24.60.05.002,White,Dress,,kaggle:watch_db,identity_seeded_specs_partial
omega-123-50-24-60-05-003-aka-12350246005003,Omega,Constellation,123.50.24.60.05.003,White,Dress,,kaggle:watch_db,identity_seeded_specs_partial
omega-123-50-24-60-05-004-aka-12350246005004,Omega,Constellation,123.50.24.60.05.004,White,Dress,,kaggle:watch_db,identity_seeded_specs_partial
omega-123-50-24-60-08-001-aka-12350246008001,Omega,Constellation,123.50.24.60.08.001,Champagne,Dress,,kaggle:watch_db,identity_seeded_specs_partial
omega-123-50-24-60-08-002-aka-12350246008002,Omega,Constellation,123.50.24.60.08.002,Champagne,Dress,,kaggle:watch_db,identity_seeded_specs_partial
omega-123-50-24-60-53-001-aka-12350246053001,Omega,Constellation,123.50.24.60.53.001,Blue,Dress,,kaggle:watch_db,identity_seeded_specs_partial
omega-123-50-24-60-58-002-aka-12350246058002,Omega,Constellation,123.50.24.60.58.002,Champagne,Dress,,kaggle:watch_db,identity_seeded_specs_partial
omega-123-50-24-60-63-001-aka-12350246063001,Omega,Constellation,123.50.24.60.63.001,Brown,Dress,,kaggle:watch_db,identity_seeded_specs_partial
omega-123-50-24-60-63-002-aka-12350246063002,Omega,Constellation,123.50.24.60.63.002,Brown,Dress,,kaggle:watch_db,identity_seeded_specs_partial
omega-123-50-27-20-53-001-aka-12350272053001,Omega,Constellation,123.50.27.20.53.001,Blue,Sport,,kaggle:watch_db,identity_seeded_specs_partial
omega-123-50-27-20-57-001-aka-12350272057001,Omega,Constellation,123.50.27.20.57.001,Brown,Sport,,kaggle:watch_db,identity_seeded_specs_partial
omega-123-50-27-20-57-002-aka-12350272057002,Omega,Constellation,123.50.27.20.57.002,Champagne,Sport,,kaggle:watch_db,identity_seeded_specs_partial
omega-123-50-27-20-58-001-aka-12350272058001,Omega,Constellation,123.50.27.20.58.001,Champagne,Sport,,kaggle:watch_db,identity_seeded_specs_partial
omega-123-50-27-60-02-002-aka-12350276002002,Omega,Constellation,123.50.27.60.02.002,Silver,Dress,,kaggle:watch_db,identity_seeded_specs_partial
omega-123-50-27-60-02-004-aka-12350276002004,Omega,Constellation,123.50.27.60.02.004,Silver,Dress,,kaggle:watch_db,identity_seeded_specs_partial
omega-123-50-27-60-05-001-aka-12350276005001,Omega,Constellation,123.50.27.60.05.001,White,Dress,,kaggle:watch_db,identity_seeded_specs_partial
omega-123-50-27-60-05-002-aka-12350276005002,Omega,Constellation,123.50.27.60.05.002,White,Dress,,kaggle:watch_db,identity_seeded_specs_partial
omega-123-50-27-60-05-003-aka-12350276005003,Omega,Constellation,123.50.27.60.05.003,White,Dress,,kaggle:watch_db,identity_seeded_specs_partial
omega-123-50-27-60-05-004-aka-12350276005004,Omega,Constellation,123.50.27.60.05.004,White,Dress,,kaggle:watch_db,identity_seeded_specs_partial
omega-123-50-27-60-58-002-aka-12350276058002,Omega,Constellation,123.50.27.60.58.002,Champagne,Dress,,kaggle:watch_db,identity_seeded_specs_partial
omega-123-50-27-60-63-001-aka-12350276063001,Omega,Constellation,123.50.27.60.63.001,Brown,Dress,,kaggle:watch_db,identity_seeded_specs_partial
omega-123-50-27-60-63-002-aka-12350276063002,Omega,Constellation,123.50.27.60.63.002,Brown,Dress,,kaggle:watch_db,identity_seeded_specs_partial
omega-123-50-31-20-05-001-aka-12350312005001,Omega,Constellation,123.50.31.20.05.001,White,Sport,,kaggle:watch_db,identity_seeded_specs_partial
omega-123-50-31-20-05-002-aka-12350312005002,Omega,Constellation,123.50.31.20.05.002,White,Sport,,kaggle:watch_db,identity_seeded_specs_partial
omega-123-50-31-20-08-001-aka-12350312008001,Omega,Constellation,123.50.31.20.08.001,Champagne,Sport,,kaggle:watch_db,identity_seeded_specs_partial
omega-123-50-31-20-13-001-aka-12350312013001,Omega,Constellation,123.50.31.20.13.001,Brown,Sport,,kaggle:watch_db,identity_seeded_specs_partial
omega-123-50-31-20-55-001-aka-12350312055001,Omega,Constellation,123.50.31.20.55.001,White,Sport,,kaggle:watch_db,identity_seeded_specs_partial
omega-123-50-31-20-55-002-aka-12350312055002,Omega,Constellation,123.50.31.20.55.002,White,Sport,,kaggle:watch_db,identity_seeded_specs_partial
omega-123-50-35-20-02-002-aka-12350352002002,Omega,Constellation,123.50.35.20.02.002,Silver,Sport,,kaggle:watch_db,identity_seeded_specs_partial
omega-123-50-35-20-08-001-aka-12350352008001,Omega,Constellation,123.50.35.20.08.001,Champagne,Sport,,kaggle:watch_db,identity_seeded_specs_partial
omega-123-50-35-20-13-001-aka-12350352013001,Omega,Constellation,123.50.35.20.13.001,Brown,Sport,,kaggle:watch_db,identity_seeded_specs_partial
omega-123-50-35-20-52-001-aka-12350352052001,Omega,Constellation,123.50.35.20.52.001,Silver,Sport,,kaggle:watch_db,identity_seeded_specs_partial
omega-123-50-35-20-52-003-aka-12350352052003,Omega,Constellation,123.50.35.20.52.003,Silver,Sport,,kaggle:watch_db,identity_seeded_specs_partial
omega-123-50-35-20-52-004-aka-12350352052004,Omega,Constellation,123.50.35.20.52.004,Silver,Sport,,kaggle:watch_db,identity_seeded_specs_partial
omega-123-50-35-20-58-001-aka-12350352058001,Omega,Constellation,123.50.35.20.58.001,Champagne,Sport,,kaggle:watch_db,identity_seeded_specs_partial
omega-123-50-35-20-63-001-aka-12350352063001,Omega,Constellation,123.50.35.20.63.001,Brown,Sport,,kaggle:watch_db,identity_seeded_specs_partial
omega-123-50-38-21-02-002-aka-12350382102002,Omega,Constellation,123.50.38.21.02.002,Silver,Sport,,kaggle:watch_db,identity_seeded_specs_partial
omega-123-50-38-21-08-001-aka-12350382108001,Omega,Constellation,123.50.38.21.08.001,Champagne,Sport,,kaggle:watch_db,identity_seeded_specs_partial
omega-123-50-38-21-13-001-aka-12350382113001,Omega,Constellation,123.50.38.21.13.001,Brown,Sport,,kaggle:watch_db,identity_seeded_specs_partial
omega-123-50-38-21-52-001-aka-12350382152001,Omega,Constellation,123.50.38.21.52.001,Silver,Sport,,kaggle:watch_db,identity_seeded_specs_partial
omega-123-50-38-21-52-002-aka-12350382152002,Omega,Constellation,123.50.38.21.52.002,Silver,Sport,,kaggle:watch_db,identity_seeded_specs_partial
omega-123-50-38-21-58-001-aka-12350382158001,Omega,Constellation,123.50.38.21.58.001,Champagne,Sport,,kaggle:watch_db,identity_seeded_specs_partial
omega-123-50-38-21-63-001-aka-12350382163001,Omega,Constellation,123.50.38.21.63.001,Brown,Sport,,kaggle:watch_db,identity_seeded_specs_partial
omega-123-50-38-22-02-001-aka-12350382202001,Omega,Constellation,123.50.38.22.02.001,Silver,Dress,,kaggle:watch_db,identity_seeded_specs_partial
omega-123-50-38-22-02-002-aka-12350382202002,Omega,Constellation,123.50.38.22.02.002,Silver,Dress,,kaggle:watch_db,identity_seeded_specs_partial
omega-123-53-35-60-52-001-aka-12353356052001,Omega,Constellation,123.53.35.60.52.001,White,Dress,,kaggle:watch_db,identity_seeded_specs_partial
omega-123-53-35-60-63-001-aka-12353356063001,Omega,Constellation,123.53.35.60.63.001,Brown,Dress,,kaggle:watch_db,identity_seeded_specs_partial
omega-123-53-38-21-02-001-aka-12353382102001,Omega,Constellation,123.53.38.21.02.001,Silver,Vintage,,kaggle:watch_db,identity_seeded_specs_partial
omega-123-55-24-60-05-001-aka-12355246005001,Omega,Constellation,123.55.24.60.05.001,White,Dress,,kaggle:watch_db,identity_seeded_specs_partial
omega-123-55-24-60-05-004-aka-12355246005004,Omega,Constellation,123.55.24.60.05.004,White,Integrated Bracelet,,kaggle:watch_db,identity_seeded_specs_partial
omega-123-55-24-60-52-002-aka-12355246052002,Omega,Constellation,123.55.24.60.52.002,Silver,Dress,,kaggle:watch_db,identity_seeded_specs_partial
omega-123-55-24-60-55-001-aka-12355246055001,Omega,Constellation,123.55.24.60.55.001,White,Dress,,kaggle:watch_db,identity_seeded_specs_partial
omega-123-55-24-60-55-002-aka-12355246055002,Omega,Constellation,123.55.24.60.55.002,White,Dress,,kaggle:watch_db,identity_seeded_specs_partial
omega-123-55-24-60-55-003-aka-12355246055003,Omega,Constellation,123.55.24.60.55.003,White,Dress,,kaggle:watch_db,identity_seeded_specs_partial
omega-123-55-24-60-55-004-aka-12355246055004,Omega,Constellation,123.55.24.60.55.004,White,Dress,,kaggle:watch_db,identity_seeded_specs_partial
omega-123-55-24-60-55-005-aka-12355246055005,Omega,Constellation,123.55.24.60.55.005,White,Dress,,kaggle:watch_db,identity_seeded_specs_partial
omega-123-55-24-60-55-006-aka-12355246055006,Omega,Constellation,123.55.24.60.55.006,White,Dress,,kaggle:watch_db,identity_seeded_specs_partial
omega-123-55-24-60-55-007-aka-12355246055007,Omega,Constellation,123.55.24.60.55.007,White,Dress,,kaggle:watch_db,identity_seeded_specs_partial
omega-123-55-24-60-55-008-aka-12355246055008,Omega,Constellation,123.55.24.60.55.008,White,Dress,,kaggle:watch_db,identity_seeded_specs_partial
omega-123-55-24-60-55-009-aka-12355246055009,Omega,Constellation,123.55.24.60.55.009,Paved,Dress,,kaggle:watch_db,identity_seeded_specs_partial
omega-123-55-24-60-55-010-aka-12355246055010,Omega,Constellation,123.55.24.60.55.010,White,Dress,,kaggle:watch_db,identity_seeded_specs_partial
omega-123-55-24-60-55-011-aka-12355246055011,Omega,Constellation,123.55.24.60.55.011,Paved,Dress,,kaggle:watch_db,identity_seeded_specs_partial
omega-123-55-24-60-55-012-aka-12355246055012,Omega,Constellation,123.55.24.60.55.012,White,Dress,,kaggle:watch_db,identity_seeded_specs_partial
omega-123-55-24-60-55-014-aka-12355246055014,Omega,Constellation,123.55.24.60.55.014,White,Dress,,kaggle:watch_db,identity_seeded_specs_partial
omega-123-55-24-60-55-015-aka-12355246055015,Omega,Constellation,123.55.24.60.55.015,White,Dress,,kaggle:watch_db,identity_seeded_specs_partial
omega-123-55-24-60-55-016-aka-12355246055016,Omega,Constellation,123.55.24.60.55.016,White,Dress,,kaggle:watch_db,identity_seeded_specs_partial
omega-123-55-24-60-55-017-aka-12355246055017,Omega,Constellation,123.55.24.60.55.017,White,Dress,,kaggle:watch_db,identity_seeded_specs_partial
omega-123-55-24-60-58-001-aka-12355246058001,Omega,Constellation,123.55.24.60.58.001,Champagne,Dress,,kaggle:watch_db,identity_seeded_specs_partial
omega-123-55-24-60-58-002-aka-12355246058002,Omega,Constellation,123.55.24.60.58.002,Champagne,Dress,,kaggle:watch_db,identity_seeded_specs_partial
omega-123-55-24-60-63-001-aka-12355246063001,Omega,Constellation,123.55.24.60.63.001,Brown,Dress,,kaggle:watch_db,identity_seeded_specs_partial
omega-123-55-24-60-63-002-aka-12355246063002,Omega,Constellation,123.55.24.60.63.002,Brown,Dress,,kaggle:watch_db,identity_seeded_specs_partial
omega-123-55-27-20-05-001-aka-12355272005001,Omega,Constellation,123.55.27.20.05.001,White,Sport,,kaggle:watch_db,identity_seeded_specs_partial
omega-123-55-27-20-05-002-aka-12355272005002,Omega,Constellation,123.55.27.20.05.002,White,Sport,,kaggle:watch_db,identity_seeded_specs_partial
omega-123-55-27-20-05-003-aka-12355272005003,Omega,Constellation,123.55.27.20.05.003,White,Diver,,kaggle:watch_db,identity_seeded_specs_partial
omega-123-55-27-20-05-004-aka-12355272005004,Omega,Constellation,123.55.27.20.05.004,White,Diver,,kaggle:watch_db,identity_seeded_specs_partial
omega-123-55-27-20-55-001-aka-12355272055001,Omega,Constellation,123.55.27.20.55.001,White,Chronograph,,kaggle:watch_db,identity_seeded_specs_partial
omega-123-55-27-20-55-002-aka-12355272055002,Omega,Constellation,123.55.27.20.55.002,White,Sport,,kaggle:watch_db,identity_seeded_specs_partial
omega-123-55-27-20-55-003-aka-12355272055003,Omega,Constellation,123.55.27.20.55.003,White,Sport,,kaggle:watch_db,identity_seeded_specs_partial
omega-123-55-27-20-55-004-aka-12355272055004,Omega,Constellation,123.55.27.20.55.004,White,Sport,,kaggle:watch_db,identity_seeded_specs_partial
omega-123-55-27-20-55-005-aka-12355272055005,Omega,Constellation,123.55.27.20.55.005,White,Dress,,kaggle:watch_db,identity_seeded_specs_partial
omega-123-55-27-20-55-006-aka-12355272055006,Omega,Constellation,123.55.27.20.55.006,Paved,Dress,,kaggle:watch_db,identity_seeded_specs_partial
omega-123-55-27-20-57-001-aka-12355272057001,Omega,Constellation,123.55.27.20.57.001,Brown,Sport,,kaggle:watch_db,identity_seeded_specs_partial
omega-123-55-27-20-58-001-aka-12355272058001,Omega,Constellation,123.55.27.20.58.001,Champagne,Sport,,kaggle:watch_db,identity_seeded_specs_partial
omega-123-55-27-60-52-001-aka-12355276052001,Omega,Constellation,123.55.27.60.52.001,Silver,Dress,,kaggle:watch_db,identity_seeded_specs_partial
omega-123-55-27-60-52-002-aka-12355276052002,Omega,Constellation,123.55.27.60.52.002,Silver,Dress,,kaggle:watch_db,identity_seeded_specs_partial
omega-123-55-27-60-55-001-aka-12355276055001,Omega,Constellation,123.55.27.60.55.001,White,Dress,,kaggle:watch_db,identity_seeded_specs_partial
omega-123-55-27-60-55-003-aka-12355276055003,Omega,Constellation,123.55.27.60.55.003,White,Dress,,kaggle:watch_db,identity_seeded_specs_partial
omega-123-55-27-60-55-005-aka-12355276055005,Omega,Constellation,123.55.27.60.55.005,White,Dress,,kaggle:watch_db,identity_seeded_specs_partial
omega-123-55-27-60-55-007-aka-12355276055007,Omega,Constellation,123.55.27.60.55.007,White,Dress,,kaggle:watch_db,identity_seeded_specs_partial
omega-123-55-27-60-55-008-aka-12355276055008,Omega,Constellation,123.55.27.60.55.008,White,Dress,,kaggle:watch_db,identity_seeded_specs_partial
omega-123-55-27-60-55-009-aka-12355276055009,Omega,Constellation,123.55.27.60.55.009,White,Dress,,kaggle:watch_db,identity_seeded_specs_partial
omega-123-55-27-60-55-010-aka-12355276055010,Omega,Constellation,123.55.27.60.55.010,Paved,Dress,,kaggle:watch_db,identity_seeded_specs_partial
omega-123-55-27-60-55-011-aka-12355276055011,Omega,Constellation,123.55.27.60.55.011,White,Dress,,kaggle:watch_db,identity_seeded_specs_partial
omega-123-55-27-60-55-012-aka-12355276055012,Omega,Constellation,123.55.27.60.55.012,White,Dress,,kaggle:watch_db,identity_seeded_specs_partial
omega-123-55-27-60-55-013-aka-12355276055013,Omega,Constellation,123.55.27.60.55.013,White,Dress,,kaggle:watch_db,identity_seeded_specs_partial
omega-123-55-27-60-55-014-aka-12355276055014,Omega,Constellation,123.55.27.60.55.014,White,Dress,,kaggle:watch_db,identity_seeded_specs_partial
omega-123-55-27-60-55-016-aka-12355276055016,Omega,Constellation,123.55.27.60.55.016,White,Dress,,kaggle:watch_db,identity_seeded_specs_partial
omega-123-55-27-60-58-001-aka-12355276058001,Omega,Constellation,123.55.27.60.58.001,Champagne,Dress,,kaggle:watch_db,identity_seeded_specs_partial
omega-123-55-27-60-58-002-aka-12355276058002,Omega,Constellation,123.55.27.60.58.002,Champagne,Dress,,kaggle:watch_db,identity_seeded_specs_partial
omega-123-55-27-60-63-001-aka-12355276063001,Omega,Constellation,123.55.27.60.63.001,Brown,Dress,,kaggle:watch_db,identity_seeded_specs_partial
omega-123-55-27-60-63-002-aka-12355276063002,Omega,Constellation,123.55.27.60.63.002,Brown,Dress,,kaggle:watch_db,identity_seeded_specs_partial
omega-123-55-27-60-99-001-aka-12355276099001,Omega,Constellation,123.55.27.60.99.001,Paved,Dress,,kaggle:watch_db,identity_seeded_specs_partial
omega-123-55-27-60-99-004-aka-12355276099004,Omega,Constellation,123.55.27.60.99.004,Paved,Dress,,kaggle:watch_db,identity_seeded_specs_partial
omega-123-55-31-20-51-001-aka-12355312051001,Omega,Constellation,123.55.31.20.51.001,Black,Sport,,kaggle:watch_db,identity_seeded_specs_partial
omega-123-55-31-20-55-001-aka-12355312055001,Omega,Constellation,123.55.31.20.55.001,White,Sport,,kaggle:watch_db,identity_seeded_specs_partial
omega-123-55-31-20-55-002-aka-12355312055002,Omega,Constellation,123.55.31.20.55.002,White,Sport,,kaggle:watch_db,identity_seeded_specs_partial
omega-123-55-31-20-55-006-aka-12355312055006,Omega,Constellation,123.55.31.20.55.006,White,Dress,,kaggle:watch_db,identity_seeded_specs_partial
omega-123-55-31-20-55-007-aka-12355312055007,Omega,Constellation,123.55.31.20.55.007,White,Dress,,kaggle:watch_db,identity_seeded_specs_partial
omega-123-55-31-20-55-008-aka-12355312055008,Omega,Constellation,123.55.31.20.55.008,White,Dress,,kaggle:watch_db,identity_seeded_specs_partial
omega-123-55-31-20-55-009-aka-12355312055009,Omega,Constellation,123.55.31.20.55.009,White,Dress,,kaggle:watch_db,identity_seeded_specs_partial
omega-123-55-31-20-55-010-aka-12355312055010,Omega,Constellation,123.55.31.20.55.010,White,Dress,,kaggle:watch_db,identity_seeded_specs_partial
omega-123-55-31-20-55-011-aka-12355312055011,Omega,Constellation,123.55.31.20.55.011,White,Dress,,kaggle:watch_db,identity_seeded_specs_partial
omega-123-55-31-20-63-001-aka-12355312063001,Omega,Constellation,123.55.31.20.63.001,Brown,Sport,,kaggle:watch_db,identity_seeded_specs_partial
omega-123-55-35-20-52-001-aka-12355352052001,Omega,Constellation,123.55.35.20.52.001,Silver,Sport,,kaggle:watch_db,identity_seeded_specs_partial
omega-123-55-35-20-52-002-aka-12355352052002,Omega,Constellation,123.55.35.20.52.002,Silver,Sport,,kaggle:watch_db,identity_seeded_specs_partial
omega-123-55-35-20-52-003-aka-12355352052003,Omega,Constellation,123.55.35.20.52.003,Silver,Sport,,kaggle:watch_db,identity_seeded_specs_partial
omega-123-55-35-20-52-004-aka-12355352052004,Omega,Constellation,123.55.35.20.52.004,Silver,Sport,,kaggle:watch_db,identity_seeded_specs_partial
omega-123-55-35-20-55-002-aka-12355352055002,Omega,Constellation,123.55.35.20.55.002,White,Dress,,kaggle:watch_db,identity_seeded_specs_partial
omega-123-55-35-20-58-001-aka-12355352058001,Omega,Constellation,123.55.35.20.58.001,Champagne,Sport,,kaggle:watch_db,identity_seeded_specs_partial
omega-123-55-35-20-63-001-aka-12355352063001,Omega,Constellation,123.55.35.20.63.001,Brown,Sport,,kaggle:watch_db,identity_seeded_specs_partial
omega-123-55-38-20-99-001-aka-12355382099001,Omega,Constellation,123.55.38.20.99.001,Paved,Sport,,kaggle:watch_db,identity_seeded_specs_partial
omega-123-55-38-20-99-004-aka-12355382099004,Omega,Constellation,123.55.38.20.99.004,Paved,Sport,,kaggle:watch_db,identity_seeded_specs_partial
omega-123-55-38-21-51-001-aka-12355382151001,Omega,Constellation,123.55.38.21.51.001,Black,Sport,,kaggle:watch_db,identity_seeded_specs_partial
omega-123-55-38-21-52-001-aka-12355382152001,Omega,Constellation,123.55.38.21.52.001,Silver,Sport,,kaggle:watch_db,identity_seeded_specs_partial
omega-123-55-38-21-52-002-aka-12355382152002,Omega,Constellation,123.55.38.21.52.002,Silver,Sport,,kaggle:watch_db,identity_seeded_specs_partial
omega-123-55-38-21-52-003-aka-12355382152003,Omega,Constellation,123.55.38.21.52.003,Silver,Sport,,kaggle:watch_db,identity_seeded_specs_partial
omega-123-55-38-21-52-005-aka-12355382152005,Omega,Constellation,123.55.38.21.52.005,Silver,Sport,,kaggle:watch_db,identity_seeded_specs_partial
omega-123-55-38-21-52-008-aka-12355382152008,Omega,Constellation,123.55.38.21.52.008,Silver,Sport,,kaggle:watch_db,identity_seeded_specs_partial
omega-123-55-38-21-58-001-aka-12355382158001,Omega,Constellation,123.55.38.21.58.001,Champagne,Sport,,kaggle:watch_db,identity_seeded_specs_partial
omega-123-55-38-21-63-001-aka-12355382163001,Omega,Constellation,123.55.38.21.63.001,Brown,Sport,,kaggle:watch_db,identity_seeded_specs_partial
omega-123-55-38-22-02-002-aka-12355382202002,Omega,Constellation,123.55.38.22.02.002,Silver,Dress,,kaggle:watch_db,identity_seeded_specs_partial
omega-123-57-35-20-55-003-aka-12357352055003,Omega,Constellation,123.57.35.20.55.003,White,Sport,,kaggle:watch_db,identity_seeded_specs_partial
omega-123-58-35-20-55-003-aka-12358352055003,Omega,Constellation,123.58.35.20.55.003,White,Sport,,kaggle:watch_db,identity_seeded_specs_partial
omega-123-58-35-20-63-001-aka-12358352063001,Omega,Constellation,123.58.35.20.63.001,Brown,Chronograph,,kaggle:watch_db,identity_seeded_specs_partial
omega-123-58-35-20-99-001-aka-12358352099001,Omega,Constellation,123.58.35.20.99.001,White,Sport,,kaggle:watch_db,identity_seeded_specs_partial
omega-1267-10-00,Omega,Constellation,1267.10.00,Champagne,Dress,,kaggle:watch_db,identity_seeded_specs_partial
omega-127-10-27-20-02-001-aka-12710272002001,Omega,Constellation,127.10.27.20.02.001,Silver,Chronograph,,kaggle:watch_db,identity_seeded_specs_partial
omega-127-10-27-20-52-001-aka-12710272052001,Omega,Constellation,127.10.27.20.52.001,Silver,Chronograph,,kaggle:watch_db,identity_seeded_specs_partial
omega-127-10-27-20-55-001-aka-12710272055001,Omega,Constellation,127.10.27.20.55.001,White,Chronograph,,kaggle:watch_db,identity_seeded_specs_partial
omega-127-15-27-20-55-001-aka-12715272055001,Omega,Constellation,127.15.27.20.55.001,White,Chronograph,,kaggle:watch_db,identity_seeded_specs_partial
omega-127-20-27-20-52-001-aka-12720272052001,Omega,Constellation,127.20.27.20.52.001,Silver,Chronograph,,kaggle:watch_db,identity_seeded_specs_partial
omega-127-20-27-20-52-002-aka-12720272052002,Omega,Constellation,127.20.27.20.52.002,Silver,Chronograph,,kaggle:watch_db,identity_seeded_specs_partial
omega-127-20-27-20-55-001-aka-12720272055001,Omega,Constellation,127.20.27.20.55.001,White,Chronograph,,kaggle:watch_db,identity_seeded_specs_partial
omega-127-20-27-20-55-002-aka-12720272055002,Omega,Constellation,127.20.27.20.55.002,White,Chronograph,,kaggle:watch_db,identity_seeded_specs_partial
omega-127-25-27-20-55-002,Omega,Constellation,127.25.27.20.55.002,White,Chronograph,,kaggle:watch_db,identity_seeded_specs_partial
omega-127-55-27-20-55-001-aka-12755272055001,Omega,Constellation,127.55.27.20.55.001,White,Chronograph,,kaggle:watch_db,identity_seeded_specs_partial
omega-127-55-27-20-55-002-aka-12755272055002,Omega,Constellation,127.55.27.20.55.002,White,Chronograph,,kaggle:watch_db,identity_seeded_specs_partial
omega-1277-15-00,Omega,Constellation,1277.15.00,White,Dress,,kaggle:watch_db,identity_seeded_specs_partial
omega-1277-30-00,Omega,Constellation,1277.30.00,White,Dress,,kaggle:watch_db,identity_seeded_specs_partial
omega-1282-30-00,Omega,Constellation,1282.30.00,Silver,Sport,,kaggle:watch_db,identity_seeded_specs_partial
omega-1284-79-00,Omega,Constellation,1284.79.00,White,Dress,,kaggle:watch_db,identity_seeded_specs_partial
omega-1292-10-00,Omega,Constellation,1292.10.00,Champagne,Sport,,kaggle:watch_db,identity_seeded_specs_partial
omega-1297-75-00,Omega,Constellation,1297.75.00,White,Sport,,kaggle:watch_db,identity_seeded_specs_partial
omega-1302-30-00,Omega,Constellation,1302.30.00,Silver,Sport,,kaggle:watch_db,identity_seeded_specs_partial
omega-131-10-25-60-02-001-aka-13110256002001,Omega,Constellation,131.10.25.60.02.001,Silver,Dress,,kaggle:watch_db,identity_seeded_specs_partial
omega-131-10-25-60-05-001-aka-13110256005001,Omega,Constellation,131.10.25.60.05.001,White,Dress,,kaggle:watch_db,identity_seeded_specs_partial
omega-131-10-25-60-06-001-aka-13110256006001,Omega,Constellation,131.10.25.60.06.001,Grey,Dress,,kaggle:watch_db,identity_seeded_specs_partial
omega-131-10-25-60-52-001-aka-13110256052001,Omega,Constellation,131.10.25.60.52.001,Silver,Dress,,kaggle:watch_db,identity_seeded_specs_partial
omega-131-10-25-60-53-001-aka-13110256053001,Omega,Constellation,131.10.25.60.53.001,Blue,Dress,,kaggle:watch_db,identity_seeded_specs_partial
omega-131-10-25-60-55-001-aka-13110256055001,Omega,Constellation,131.10.25.60.55.001,White,Dress,,kaggle:watch_db,identity_seeded_specs_partial
omega-131-10-25-60-56-001-aka-13110256056001,Omega,Constellation,131.10.25.60.56.001,Grey,Dress,,kaggle:watch_db,identity_seeded_specs_partial
omega-131-10-28-60-02-001-aka-13110286002001,Omega,Constellation,131.10.28.60.02.001,Silver,Dress,,kaggle:watch_db,identity_seeded_specs_partial
omega-131-10-28-60-03-001-aka-13110286003001,Omega,Constellation,131.10.28.60.03.001,Blue,Dress,,kaggle:watch_db,identity_seeded_specs_partial
omega-131-10-28-60-05-001-aka-13110286005001,Omega,Constellation,131.10.28.60.05.001,White,Dress,,kaggle:watch_db,identity_seeded_specs_partial
omega-131-10-28-60-06-001-aka-13110286006001,Omega,Constellation,131.10.28.60.06.001,Grey,Dress,,kaggle:watch_db,identity_seeded_specs_partial
omega-131-10-28-60-11-001-aka-13110286011001,Omega,Constellation,131.10.28.60.11.001,Rose,Dress,,kaggle:watch_db,identity_seeded_specs_partial
omega-131-10-28-60-52-001-aka-13110286052001,Omega,Constellation,131.10.28.60.52.001,Silver,Dress,,kaggle:watch_db,identity_seeded_specs_partial
omega-131-10-28-60-55-001-aka-13110286055001,Omega,Constellation,131.10.28.60.55.001,White,Dress,,kaggle:watch_db,identity_seeded_specs_partial
omega-131-10-28-60-56-001-aka-13110286056001,Omega,Constellation,131.10.28.60.56.001,Grey,Dress,,kaggle:watch_db,identity_seeded_specs_partial
omega-131-10-28-60-60-001-aka-13110286060001,Omega,Constellation,131.10.28.60.60.001,Green,Dress,,kaggle:watch_db,identity_seeded_specs_partial
omega-131-10-28-60-60-002-aka-13110286060002,Omega,Constellation,131.10.28.60.60.002,Purple,Dress,,kaggle:watch_db,identity_seeded_specs_partial
omega-131-10-29-20-02-001-aka-13110292002001,Omega,Constellation,131.10.29.20.02.001,Silver,Chronograph,,kaggle:watch_db,identity_seeded_specs_partial
omega-131-10-29-20-05-001-aka-13110292005001,Omega,Constellation,131.10.29.20.05.001,White,Chronograph,,kaggle:watch_db,identity_seeded_specs_partial
omega-131-10-29-20-52-001-aka-13110292052001,Omega,Constellation,131.10.29.20.52.001,Silver,Chronograph,,kaggle:watch_db,identity_seeded_specs_partial
omega-131-10-29-20-53-001-aka-13110292053001,Omega,Constellation,131.10.29.20.53.001,Blue,Chronograph,,kaggle:watch_db,identity_seeded_specs_partial
omega-131-10-29-20-55-001-aka-13110292055001,Omega,Constellation,131.10.29.20.55.001,White,Chronograph,,kaggle:watch_db,identity_seeded_specs_partial
omega-131-10-29-20-56-001-aka-13110292056001,Omega,Constellation,131.10.29.20.56.001,Grey,Chronograph,,kaggle:watch_db,identity_seeded_specs_partial
omega-131-10-36-20-02-001-aka-13110362002001,Omega,Constellation,131.10.36.20.02.001,Silver,Chronograph,,kaggle:watch_db,identity_seeded_specs_partial
omega-131-10-36-20-06-001-aka-13110362006001,Omega,Constellation,131.10.36.20.06.001,Silver,Chronograph,,kaggle:watch_db,identity_seeded_specs_partial
omega-131-10-36-60-01-001-aka-13110366001001,Omega,Constellation,131.10.36.60.01.001,Black,Dress,,kaggle:watch_db,identity_seeded_specs_partial
omega-131-10-39-20-01-001-aka-13110392001001,Omega,Constellation,131.10.39.20.01.001,Black,Chronograph,,kaggle:watch_db,identity_seeded_specs_partial
omega-131-10-39-20-02-001-aka-13110392002001,Omega,Constellation,131.10.39.20.02.001,Silver,Chronograph,,kaggle:watch_db,identity_seeded_specs_partial
omega-131-10-39-20-06-001-aka-13110392006001,Omega,Constellation,131.10.39.20.06.001,Silver,Chronograph,,kaggle:watch_db,identity_seeded_specs_partial
omega-131-12-41-21-06-001-aka-13112412106001,Omega,Constellation,131.12.41.21.06.001,Silver,Chronograph,,kaggle:watch_db,identity_seeded_specs_partial
omega-131-13-39-20-01-001-aka-13113392001001,Omega,Constellation,131.13.39.20.01.001,Black,Chronograph,,kaggle:watch_db,identity_seeded_specs_partial
omega-131-13-39-20-06-001-aka-13113392006001,Omega,Constellation,131.13.39.20.06.001,Silver,Chronograph,,kaggle:watch_db,identity_seeded_specs_partial
omega-131-15-25-60-52-001-aka-13115256052001,Omega,Constellation,131.15.25.60.52.001,Silver,Dress,,kaggle:watch_db,identity_seeded_specs_partial
omega-131-15-25-60-53-001-aka-13115256053001,Omega,Constellation,131.15.25.60.53.001,Blue,Dress,,kaggle:watch_db,identity_seeded_specs_partial
omega-131-15-25-60-56-001-aka-13115256056001,Omega,Constellation,131.15.25.60.56.001,Grey,Dress,,kaggle:watch_db,identity_seeded_specs_partial
omega-131-15-25-60-99-001-aka-13115256099001,Omega,Constellation,131.15.25.60.99.001,Green,Dress,,kaggle:watch_db,identity_seeded_specs_partial
omega-131-15-28-60-52-001-aka-13115286052001,Omega,Constellation,131.15.28.60.52.001,Silver,Dress,,kaggle:watch_db,identity_seeded_specs_partial
omega-131-15-28-60-55-001-aka-13115286055001,Omega,Constellation,131.15.28.60.55.001,White,Dress,,kaggle:watch_db,identity_seeded_specs_partial
omega-131-15-28-60-56-001-aka-13115286056001,Omega,Constellation,131.15.28.60.56.001,Grey,Dress,,kaggle:watch_db,identity_seeded_specs_partial
omega-131-15-28-60-60-001,Omega,Constellation,131.15.28.60.60.001,Purple,Dress,,kaggle:watch_db,identity_seeded_specs_partial
omega-131-15-29-20-52-001-aka-13115292052001,Omega,Constellation,131.15.29.20.52.001,Silver,Chronograph,,kaggle:watch_db,identity_seeded_specs_partial
omega-131-15-29-20-55-001-aka-13115292055001,Omega,Constellation,131.15.29.20.55.001,White,Chronograph,,kaggle:watch_db,identity_seeded_specs_partial
omega-131-15-29-20-56-001-aka-13115292056001,Omega,Constellation,131.15.29.20.56.001,Grey,Chronograph,,kaggle:watch_db,identity_seeded_specs_partial
omega-131-15-29-20-99-001-aka-13115292099001,Omega,Constellation,131.15.29.20.99.001,Purple,Chronograph,,kaggle:watch_db,identity_seeded_specs_partial
omega-131-20-25-60-02-001-aka-13120256002001,Omega,Constellation,131.20.25.60.02.001,Silver,Dress,,kaggle:watch_db,identity_seeded_specs_partial
omega-131-20-25-60-02-002-aka-13120256002002,Omega,Constellation,131.20.25.60.02.002,Silver,Dress,,kaggle:watch_db,identity_seeded_specs_partial
omega-131-20-25-60-05-001-aka-13120256005001,Omega,Constellation,131.20.25.60.05.001,White,Dress,,kaggle:watch_db,identity_seeded_specs_partial
omega-131-20-25-60-05-002-aka-13120256005002,Omega,Constellation,131.20.25.60.05.002,White,Dress,,kaggle:watch_db,identity_seeded_specs_partial
omega-131-20-25-60-08-001-aka-13120256008001,Omega,Constellation,131.20.25.60.08.001,Champagne,Dress,,kaggle:watch_db,identity_seeded_specs_partial
omega-131-20-25-60-52-001-aka-13120256052001,Omega,Constellation,131.20.25.60.52.001,Silver,Dress,,kaggle:watch_db,identity_seeded_specs_partial
omega-131-20-25-60-52-002-aka-13120256052002,Omega,Constellation,131.20.25.60.52.002,Silver,Dress,,kaggle:watch_db,identity_seeded_specs_partial
omega-131-20-25-60-53-001-aka-13120256053001,Omega,Constellation,131.20.25.60.53.001,Blue,Dress,,kaggle:watch_db,identity_seeded_specs_partial
omega-131-20-25-60-53-002-aka-13120256053002,Omega,Constellation,131.20.25.60.53.002,Blue,Dress,,kaggle:watch_db,identity_seeded_specs_partial
omega-131-20-25-60-55-002-aka-13120256055002,Omega,Constellation,131.20.25.60.55.002,White,Dress,,kaggle:watch_db,identity_seeded_specs_partial
omega-131-20-25-60-58-001-aka-13120256058001,Omega,Constellation,131.20.25.60.58.001,Champagne,Dress,,kaggle:watch_db,identity_seeded_specs_partial
omega-131-20-25-60-63-001-aka-13120256063001,Omega,Constellation,131.20.25.60.63.001,Brown,Dress,,kaggle:watch_db,identity_seeded_specs_partial
omega-131-20-28-60-02-001-aka-13120286002001,Omega,Constellation,131.20.28.60.02.001,Silver,Dress,,kaggle:watch_db,identity_seeded_specs_partial
omega-131-20-28-60-05-001-aka-13120286005001,Omega,Constellation,131.20.28.60.05.001,White,Dress,,kaggle:watch_db,identity_seeded_specs_partial
omega-131-20-28-60-05-002-aka-13120286005002,Omega,Constellation,131.20.28.60.05.002,White,Dress,,kaggle:watch_db,identity_seeded_specs_partial
omega-131-20-28-60-08-001-aka-13120286008001,Omega,Constellation,131.20.28.60.08.001,Champagne,Dress,,kaggle:watch_db,identity_seeded_specs_partial
omega-131-20-28-60-13-001-aka-13120286013001,Omega,Constellation,131.20.28.60.13.001,Brown,Dress,,kaggle:watch_db,identity_seeded_specs_partial
omega-131-20-28-60-52-001-aka-13120286052001,Omega,Constellation,131.20.28.60.52.001,Silver,Dress,,kaggle:watch_db,identity_seeded_specs_partial
omega-131-20-28-60-52-002-aka-13120286052002,Omega,Constellation,131.20.28.60.52.002,Silver,Dress,,kaggle:watch_db,identity_seeded_specs_partial
omega-131-20-28-60-55-001-aka-13120286055001,Omega,Constellation,131.20.28.60.55.001,White,Dress,,kaggle:watch_db,identity_seeded_specs_partial
omega-131-20-28-60-55-002-aka-13120286055002,Omega,Constellation,131.20.28.60.55.002,White,Dress,,kaggle:watch_db,identity_seeded_specs_partial
omega-131-20-29-20-02-001-aka-13120292002001,Omega,Constellation,131.20.29.20.02.001,Silver,Chronograph,,kaggle:watch_db,identity_seeded_specs_partial
omega-131-20-29-20-02-002-aka-13120292002002,Omega,Constellation,131.20.29.20.02.002,Silver,Chronograph,,kaggle:watch_db,identity_seeded_specs_partial
omega-131-20-29-20-05-001-aka-13120292005001,Omega,Constellation,131.20.29.20.05.001,White,Chronograph,,kaggle:watch_db,identity_seeded_specs_partial
omega-131-20-29-20-05-002-aka-13120292005002,Omega,Constellation,131.20.29.20.05.002,White,Chronograph,,kaggle:watch_db,identity_seeded_specs_partial
omega-131-20-29-20-08-001-aka-13120292008001,Omega,Constellation,131.20.29.20.08.001,Champagne,Chronograph,,kaggle:watch_db,identity_seeded_specs_partial
omega-131-20-29-20-52-001-aka-13120292052001,Omega,Constellation,131.20.29.20.52.001,Silver,Chronograph,,kaggle:watch_db,identity_seeded_specs_partial
omega-131-20-29-20-53-001-aka-13120292053001,Omega,Constellation,131.20.29.20.53.001,Blue,Chronograph,,kaggle:watch_db,identity_seeded_specs_partial
omega-131-20-29-20-53-002-aka-13120292053002,Omega,Constellation,131.20.29.20.53.002,Blue,Chronograph,,kaggle:watch_db,identity_seeded_specs_partial
omega-131-20-29-20-55-002-aka-13120292055002,Omega,Constellation,131.20.29.20.55.002,White,Chronograph,,kaggle:watch_db,identity_seeded_specs_partial
omega-131-20-29-20-58-001-aka-13120292058001,Omega,Constellation,131.20.29.20.58.001,Champagne,Chronograph,,kaggle:watch_db,identity_seeded_specs_partial
omega-131-20-29-20-63-001-aka-13120292063001,Omega,Constellation,131.20.29.20.63.001,Brown,Chronograph,,kaggle:watch_db,identity_seeded_specs_partial
omega-131-20-36-20-02-001-aka-13120362002001,Omega,Constellation,131.20.36.20.02.001,Silver,Chronograph,,kaggle:watch_db,identity_seeded_specs_partial
omega-131-20-36-20-02-002-aka-13120362002002,Omega,Constellation,131.20.36.20.02.002,Silver,Chronograph,,kaggle:watch_db,identity_seeded_specs_partial
omega-131-20-36-20-08-001-aka-13120362008001,Omega,Constellation,131.20.36.20.08.001,Champagne,Chronograph,,kaggle:watch_db,identity_seeded_specs_partial
omega-131-20-36-20-13-001-aka-13120362013001,Omega,Constellation,131.20.36.20.13.001,Brown,Chronograph,,kaggle:watch_db,identity_seeded_specs_partial
omega-131-20-36-20-52-001-aka-13120362052001,Omega,Constellation,131.20.36.20.52.001,Silver,Chronograph,,kaggle:watch_db,identity_seeded_specs_partial
omega-131-20-36-20-58-001-aka-13120362058001,Omega,Constellation,131.20.36.20.58.001,Champagne,Chronograph,,kaggle:watch_db,identity_seeded_specs_partial
omega-131-20-36-60-02-001-aka-13120366002001,Omega,Constellation,131.20.36.60.02.001,Silver,Dress,,kaggle:watch_db,identity_seeded_specs_partial
omega-131-20-36-60-02-002-aka-13120366002002,Omega,Constellation,131.20.36.60.02.002,Silver,Dress,,kaggle:watch_db,identity_seeded_specs_partial
omega-131-20-36-60-08-001-aka-13120366008001,Omega,Constellation,131.20.36.60.08.001,Champagne,Dress,,kaggle:watch_db,identity_seeded_specs_partial
omega-131-20-39-20-02-002-aka-13120392002002,Omega,Constellation,131.20.39.20.02.002,Silver,Chronograph,,kaggle:watch_db,identity_seeded_specs_partial
omega-131-20-39-20-08-001-aka-13120392008001,Omega,Constellation,131.20.39.20.08.001,Champagne,Chronograph,,kaggle:watch_db,identity_seeded_specs_partial
omega-131-20-39-20-13-001-aka-13120392013001,Omega,Constellation,131.20.39.20.13.001,Brown,Chronograph,,kaggle:watch_db,identity_seeded_specs_partial
omega-131-20-39-20-52-001-aka-13120392052001,Omega,Constellation,131.20.39.20.52.001,Silver,Chronograph,,kaggle:watch_db,identity_seeded_specs_partial
omega-131-20-39-20-58-001-aka-13120392058001,Omega,Constellation,131.20.39.20.58.001,Champagne,Chronograph,,kaggle:watch_db,identity_seeded_specs_partial
omega-131-23-39-20-02-001-aka-13123392002001,Omega,Constellation,131.23.39.20.02.001,Silver,Chronograph,,kaggle:watch_db,identity_seeded_specs_partial
omega-131-23-39-20-02-002-aka-13123392002002,Omega,Constellation,131.23.39.20.02.002,Silver,Chronograph,,kaggle:watch_db,identity_seeded_specs_partial
omega-131-23-39-20-13-001-aka-13123392013001,Omega,Constellation,131.23.39.20.13.001,Brown,Chronograph,,kaggle:watch_db,identity_seeded_specs_partial
omega-131-23-39-20-52-001-aka-13123392052001,Omega,Constellation,131.23.39.20.52.001,Silver,Chronograph,,kaggle:watch_db,identity_seeded_specs_partial
omega-131-23-39-20-58-001-aka-13123392058001,Omega,Constellation,131.23.39.20.58.001,Champagne,Chronograph,,kaggle:watch_db,identity_seeded_specs_partial
omega-131-23-41-21-03-001-aka-13123412103001,Omega,Constellation,131.23.41.21.03.001,Blue,Chronograph,,kaggle:watch_db,identity_seeded_specs_partial
omega-131-23-41-21-06-001-aka-13123412106001,Omega,Constellation,131.23.41.21.06.001,Grey,Chronograph,,kaggle:watch_db,identity_seeded_specs_partial
omega-131-23-41-21-10-001-aka-13123412110001,Omega,Constellation,131.23.41.21.10.001,Green,Chronograph,,kaggle:watch_db,identity_seeded_specs_partial
omega-131-25-25-60-52-001-aka-13125256052001,Omega,Constellation,131.25.25.60.52.001,Silver,Dress,,kaggle:watch_db,identity_seeded_specs_partial
omega-131-25-25-60-52-002-aka-13125256052002,Omega,Constellation,131.25.25.60.52.002,Silver,Dress,,kaggle:watch_db,identity_seeded_specs_partial
omega-131-25-25-60-55-001-aka-13125256055001,Omega,Constellation,131.25.25.60.55.001,White,Dress,,kaggle:watch_db,identity_seeded_specs_partial
omega-131-25-25-60-63-001-aka-13125256063001,Omega,Constellation,131.25.25.60.63.001,Brown,Dress,,kaggle:watch_db,identity_seeded_specs_partial
omega-131-25-25-60-99-001-aka-13125256099001,Omega,Constellation,131.25.25.60.99.001,Purple,Dress,,kaggle:watch_db,identity_seeded_specs_partial
omega-131-25-25-60-99-002-aka-13125256099002,Omega,Constellation,131.25.25.60.99.002,Silver,Dress,,kaggle:watch_db,identity_seeded_specs_partial
omega-131-25-28-60-52-001-aka-13125286052001,Omega,Constellation,131.25.28.60.52.001,Silver,Dress,,kaggle:watch_db,identity_seeded_specs_partial
omega-131-25-28-60-52-002-aka-13125286052002,Omega,Constellation,131.25.28.60.52.002,Silver,Dress,,kaggle:watch_db,identity_seeded_specs_partial
omega-131-25-28-60-55-001-aka-13125286055001,Omega,Constellation,131.25.28.60.55.001,White,Dress,,kaggle:watch_db,identity_seeded_specs_partial
omega-131-25-28-60-55-002-aka-13125286055002,Omega,Constellation,131.25.28.60.55.002,White,Dress,,kaggle:watch_db,identity_seeded_specs_partial
omega-131-25-28-60-55-003,Omega,Constellation,131.25.28.60.55.003,White,Dress,,kaggle:watch_db,identity_seeded_specs_partial
omega-131-25-28-60-58-001-aka-13125286058001,Omega,Constellation,131.25.28.60.58.001,Champagne,Dress,,kaggle:watch_db,identity_seeded_specs_partial
omega-131-25-28-60-60-001,Omega,Constellation,131.25.28.60.60.001,Green,Dress,,kaggle:watch_db,identity_seeded_specs_partial
omega-131-25-28-60-63-001-aka-13125286063001,Omega,Constellation,131.25.28.60.63.001,Brown,Dress,,kaggle:watch_db,identity_seeded_specs_partial
omega-131-25-28-60-99-001-aka-13125286099001,Omega,Constellation,131.25.28.60.99.001,Blue,Dress,,kaggle:watch_db,identity_seeded_specs_partial
omega-131-25-28-60-99-002-aka-13125286099002,Omega,Constellation,131.25.28.60.99.002,Blue,Dress,,kaggle:watch_db,identity_seeded_specs_partial
omega-131-25-29-20-52-001-aka-13125292052001,Omega,Constellation,131.25.29.20.52.001,Silver,Chronograph,,kaggle:watch_db,identity_seeded_specs_partial
omega-131-25-29-20-52-002-aka-13125292052002,Omega,Constellation,131.25.29.20.52.002,Champagne,Chronograph,,kaggle:watch_db,identity_seeded_specs_partial
omega-131-25-29-20-52-003,Omega,Constellation,131.25.29.20.52.003,Silver,Chronograph,,kaggle:watch_db,identity_seeded_specs_partial
omega-131-25-29-20-53-001-aka-13125292053001,Omega,Constellation,131.25.29.20.53.001,Blue,Chronograph,,kaggle:watch_db,identity_seeded_specs_partial
omega-131-25-29-20-55-001-aka-13125292055001,Omega,Constellation,131.25.29.20.55.001,White,Chronograph,,kaggle:watch_db,identity_seeded_specs_partial
omega-131-25-29-20-55-002-aka-13125292055002,Omega,Constellation,131.25.29.20.55.002,White,Chronograph,,kaggle:watch_db,identity_seeded_specs_partial
omega-131-25-29-20-58-002-aka-13125292058002,Omega,Constellation,131.25.29.20.58.002,Champagne,Chronograph,,kaggle:watch_db,identity_seeded_specs_partial
omega-131-25-29-20-99-001-aka-13125292099001,Omega,Constellation,131.25.29.20.99.001,Silver,Chronograph,,kaggle:watch_db,identity_seeded_specs_partial
omega-131-25-29-20-99-002-aka-13125292099002,Omega,Constellation,131.25.29.20.99.002,Champagne,Chronograph,,kaggle:watch_db,identity_seeded_specs_partial
omega-131-25-39-20-52-001-aka-13125392052001,Omega,Constellation,131.25.39.20.52.001,Silver,Chronograph,,kaggle:watch_db,identity_seeded_specs_partial
omega-131-25-39-20-52-002-aka-13125392052002,Omega,Constellation,131.25.39.20.52.002,Silver,Chronograph,,kaggle:watch_db,identity_seeded_specs_partial
omega-131-28-29-20-52-001,Omega,Constellation,131.28.29.20.52.001,Silver,Chronograph,,kaggle:watch_db,identity_seeded_specs_partial
omega-131-28-29-20-58-001,Omega,Constellation,131.28.29.20.58.001,Champagne,Chronograph,,kaggle:watch_db,identity_seeded_specs_partial
omega-131-28-36-20-63-001-aka-13128362063001,Omega,Constellation,131.28.36.20.63.001,Brown,Chronograph,,kaggle:watch_db,identity_seeded_specs_partial
omega-131-30-41-21-04-001-aka-13130412104001,Omega,Constellation,131.30.41.21.04.001,White,Chronograph,,kaggle:watch_db,identity_seeded_specs_partial
omega-131-30-41-21-99-001-aka-13130412199001,Omega,Constellation,131.30.41.21.99.001,Silver,Chronograph,,kaggle:watch_db,identity_seeded_specs_partial
omega-131-30-41-21-99-002-aka-13130412199002,Omega,Constellation,131.30.41.21.99.002,Green,Chronograph,,kaggle:watch_db,identity_seeded_specs_partial
omega-131-33-41-21-01-001-aka-13133412101001,Omega,Constellation,131.33.41.21.01.001,Black,Chronograph,,kaggle:watch_db,identity_seeded_specs_partial
omega-131-33-41-21-03-001-aka-13133412103001,Omega,Constellation,131.33.41.21.03.001,Blue,Chronograph,,kaggle:watch_db,identity_seeded_specs_partial
omega-131-33-41-21-06-001-aka-13133412106001,Omega,Constellation,131.33.41.21.06.001,Silver,Chronograph,,kaggle:watch_db,identity_seeded_specs_partial
omega-131-50-25-60-53-001-aka-13150256053001,Omega,Constellation,131.50.25.60.53.001,Blue,Dress,,kaggle:watch_db,identity_seeded_specs_partial
omega-131-50-25-60-53-002-aka-13150256053002,Omega,Constellation,131.50.25.60.53.002,Blue,Dress,,kaggle:watch_db,identity_seeded_specs_partial
omega-131-50-25-60-55-001-aka-13150256055001,Omega,Constellation,131.50.25.60.55.001,White,Dress,,kaggle:watch_db,identity_seeded_specs_partial
omega-131-50-25-60-55-002-aka-13150256055002,Omega,Constellation,131.50.25.60.55.002,White,Dress,,kaggle:watch_db,identity_seeded_specs_partial
omega-131-50-28-60-55-002-aka-13150286055002,Omega,Constellation,131.50.28.60.55.002,White,Dress,,kaggle:watch_db,identity_seeded_specs_partial
omega-131-50-29-20-52-001-aka-13150292052001,Omega,Constellation,131.50.29.20.52.001,Silver,Chronograph,,kaggle:watch_db,identity_seeded_specs_partial
omega-131-50-29-20-52-002-aka-13150292052002,Omega,Constellation,131.50.29.20.52.002,Silver,Chronograph,,kaggle:watch_db,identity_seeded_specs_partial
omega-131-50-29-20-53-002-aka-13150292053002,Omega,Constellation,131.50.29.20.53.002,White,Chronograph,,kaggle:watch_db,identity_seeded_specs_partial
omega-131-50-29-20-53-003-aka-13150292053003,Omega,Constellation,131.50.29.20.53.003,Blue,Chronograph,,kaggle:watch_db,identity_seeded_specs_partial
omega-131-50-29-20-55-001-aka-13150292055001,Omega,Constellation,131.50.29.20.55.001,White,Chronograph,,kaggle:watch_db,identity_seeded_specs_partial
omega-131-50-29-20-55-002-aka-13150292055002,Omega,Constellation,131.50.29.20.55.002,White,Chronograph,,kaggle:watch_db,identity_seeded_specs_partial
omega-131-50-36-20-02-001-aka-13150362002001,Omega,Constellation,131.50.36.20.02.001,Silver,Chronograph,,kaggle:watch_db,identity_seeded_specs_partial
omega-131-50-36-20-02-002-aka-13150362002002,Omega,Constellation,131.50.36.20.02.002,Silver,Chronograph,,kaggle:watch_db,identity_seeded_specs_partial
omega-131-50-36-20-03-001-aka-13150362003001,Omega,Constellation,131.50.36.20.03.001,Blue,Chronograph,,kaggle:watch_db,identity_seeded_specs_partial
omega-131-50-36-20-08-001-aka-13150362008001,Omega,Constellation,131.50.36.20.08.001,Champagne,Chronograph,,kaggle:watch_db,identity_seeded_specs_partial
omega-131-50-39-20-02-001-aka-13150392002001,Omega,Constellation,131.50.39.20.02.001,Silver,Chronograph,,kaggle:watch_db,identity_seeded_specs_partial
omega-131-50-39-20-02-002-aka-13150392002002,Omega,Constellation,131.50.39.20.02.002,Silver,Chronograph,,kaggle:watch_db,identity_seeded_specs_partial
omega-131-50-39-20-03-001-aka-13150392003001,Omega,Constellation,131.50.39.20.03.001,Blue,Chronograph,,kaggle:watch_db,identity_seeded_specs_partial
omega-131-50-39-20-08-001-aka-13150392008001,Omega,Constellation,131.50.39.20.08.001,Champagne,Chronograph,,kaggle:watch_db,identity_seeded_specs_partial
omega-131-50-41-21-99-001-aka-13150412199001,Omega,Constellation,131.50.41.21.99.001,Champagne,Chronograph,,kaggle:watch_db,identity_seeded_specs_partial
omega-131-50-41-21-99-002-aka-13150412199002,Omega,Constellation,131.50.41.21.99.002,Champagne,Chronograph,,kaggle:watch_db,identity_seeded_specs_partial
omega-131-53-39-20-02-001-aka-13153392002001,Omega,Constellation,131.53.39.20.02.001,Silver,Chronograph,,kaggle:watch_db,identity_seeded_specs_partial
omega-131-53-39-20-03-001-aka-13153392003001,Omega,Constellation,131.53.39.20.03.001,Blue,Chronograph,,kaggle:watch_db,identity_seeded_specs_partial
omega-131-53-39-20-08-001-aka-13153392008001,Omega,Constellation,131.53.39.20.08.001,Champagne,Chronograph,,kaggle:watch_db,identity_seeded_specs_partial
omega-131-55-25-60-53-001-aka-13155256053001,Omega,Constellation,131.55.25.60.53.001,Blue,Dress,,kaggle:watch_db,identity_seeded_specs_partial
omega-131-55-25-60-53-002-aka-13155256053002,Omega,Constellation,131.55.25.60.53.002,Blue,Dress,,kaggle:watch_db,identity_seeded_specs_partial
omega-131-55-25-60-55-001-aka-13155256055001,Omega,Constellation,131.55.25.60.55.001,White,Dress,,kaggle:watch_db,identity_seeded_specs_partial
omega-131-55-25-60-55-002-aka-13155256055002,Omega,Constellation,131.55.25.60.55.002,White,Dress,,kaggle:watch_db,identity_seeded_specs_partial
omega-131-55-25-60-99-002-aka-13155256099002,Omega,Constellation,131.55.25.60.99.002,Rose,Dress,,kaggle:watch_db,identity_seeded_specs_partial
omega-131-55-25-60-99-003-aka-13155256099003,Omega,Constellation,131.55.25.60.99.003,Champagne,Dress,,kaggle:watch_db,identity_seeded_specs_partial
omega-131-55-28-60-55-001-aka-13155286055001,Omega,Constellation,131.55.28.60.55.001,White,Dress,,kaggle:watch_db,identity_seeded_specs_partial
omega-131-55-28-60-55-002-aka-13155286055002,Omega,Constellation,131.55.28.60.55.002,White,Dress,,kaggle:watch_db,identity_seeded_specs_partial
omega-131-55-28-60-55-004-aka-13155286055004,Omega,Constellation,131.55.28.60.55.004,White,Dress,,kaggle:watch_db,identity_seeded_specs_partial
omega-131-55-28-60-55-005,Omega,Constellation,131.55.28.60.55.005,White,Dress,,kaggle:watch_db,identity_seeded_specs_partial
omega-131-55-28-60-99-001-aka-13155286099001,Omega,Constellation,131.55.28.60.99.001,White,Dress,,kaggle:watch_db,identity_seeded_specs_partial
omega-131-55-28-60-99-002-aka-13155286099002,Omega,Constellation,131.55.28.60.99.002,White,Dress,,kaggle:watch_db,identity_seeded_specs_partial
omega-131-55-28-60-99-003-aka-13155286099003,Omega,Constellation,131.55.28.60.99.003,White,Dress,,kaggle:watch_db,identity_seeded_specs_partial
omega-131-55-28-60-99-004-aka-13155286099004,Omega,Constellation,131.55.28.60.99.004,White,Dress,,kaggle:watch_db,identity_seeded_specs_partial
omega-131-55-28-60-99-005-aka-13155286099005,Omega,Constellation,131.55.28.60.99.005,Silver,Dress,,kaggle:watch_db,identity_seeded_specs_partial
omega-131-55-28-60-99-006-aka-13155286099006,Omega,Constellation,131.55.28.60.99.006,Beige,Dress,,kaggle:watch_db,identity_seeded_specs_partial
omega-131-55-29-20-52-001-aka-13155292052001,Omega,Constellation,131.55.29.20.52.001,Silver,Chronograph,,kaggle:watch_db,identity_seeded_specs_partial
omega-131-55-29-20-52-002-aka-13155292052002,Omega,Constellation,131.55.29.20.52.002,Silver,Chronograph,,kaggle:watch_db,identity_seeded_specs_partial
omega-131-55-29-20-53-001-aka-13155292053001,Omega,Constellation,131.55.29.20.53.001,Blue,Chronograph,,kaggle:watch_db,identity_seeded_specs_partial
omega-131-55-29-20-53-003-aka-13155292053003,Omega,Constellation,131.55.29.20.53.003,Blue,Chronograph,,kaggle:watch_db,identity_seeded_specs_partial
omega-131-55-29-20-55-001-aka-13155292055001,Omega,Constellation,131.55.29.20.55.001,White,Chronograph,,kaggle:watch_db,identity_seeded_specs_partial
omega-131-55-29-20-55-002-aka-13155292055002,Omega,Constellation,131.55.29.20.55.002,White,Chronograph,,kaggle:watch_db,identity_seeded_specs_partial
omega-131-55-29-20-55-003,Omega,Constellation,131.55.29.20.55.003,Multi-Color,Chronograph,,kaggle:watch_db,identity_seeded_specs_partial
omega-131-55-29-20-60-001,Omega,Constellation,131.55.29.20.60.001,Purple,Chronograph,,kaggle:watch_db,identity_seeded_specs_partial
omega-131-55-29-20-99-002-aka-13155292099002,Omega,Constellation,131.55.29.20.99.002,Diamonds,Chronograph,,kaggle:watch_db,identity_seeded_specs_partial
omega-131-55-29-20-99-003,Omega,Constellation,131.55.29.20.99.003,Diamonds,Chronograph,,kaggle:watch_db,identity_seeded_specs_partial
omega-131-55-29-20-99-005-aka-13155292099005,Omega,Constellation,131.55.29.20.99.005,Green,Chronograph,,kaggle:watch_db,identity_seeded_specs_partial
omega-131-55-29-20-99-006-aka-13155292099006,Omega,Constellation,131.55.29.20.99.006,Champagne,Chronograph,,kaggle:watch_db,identity_seeded_specs_partial
omega-131-55-39-20-52-001-aka-13155392052001,Omega,Constellation,131.55.39.20.52.001,Silver,Chronograph,,kaggle:watch_db,identity_seeded_specs_partial
omega-131-55-39-20-52-002-aka-13155392052002,Omega,Constellation,131.55.39.20.52.002,Silver,Chronograph,,kaggle:watch_db,identity_seeded_specs_partial
omega-131-58-29-20-55-003,Omega,Constellation,131.58.29.20.55.003,Multi-Color,Chronograph,,kaggle:watch_db,identity_seeded_specs_partial
omega-131-58-29-20-60-002,Omega,Constellation,131.58.29.20.60.002,Purple,Chronograph,,kaggle:watch_db,identity_seeded_specs_partial
omega-131-58-29-20-99-001-aka-13158292099001,Omega,Constellation,131.58.29.20.99.001,Diamonds,Chronograph,,kaggle:watch_db,identity_seeded_specs_partial
omega-131-58-29-20-99-002-aka-13158292099002,Omega,Constellation,131.58.29.20.99.002,Diamonds,Chronograph,,kaggle:watch_db,identity_seeded_specs_partial
omega-131-58-29-20-99-003-aka-13158292099003,Omega,Constellation,131.58.29.20.99.003,Diamonds,Chronograph,,kaggle:watch_db,identity_seeded_specs_partial
omega-131-63-41-21-01-001-aka-13163412101001,Omega,Constellation,131.63.41.21.01.001,Black,Chronograph,,kaggle:watch_db,identity_seeded_specs_partial
omega-131-63-41-21-03-001-aka-13163412103001,Omega,Constellation,131.63.41.21.03.001,Black,Chronograph,,kaggle:watch_db,identity_seeded_specs_partial
omega-13130412101001-aka-13130412101001,Omega,Constellation,13130412101001,Black,Chronograph,,kaggle:watch_db,identity_seeded_specs_partial
omega-1358-75-00,Omega,Constellation,1358.75.00,White,Dress,,kaggle:watch_db,identity_seeded_specs_partial
omega-1360-60-00,Omega,Constellation,1360.60.00,Brown,Dress,,kaggle:watch_db,identity_seeded_specs_partial
omega-1360-76-00,Omega,Constellation,1360.76.00,White,Dress,,kaggle:watch_db,identity_seeded_specs_partial
omega-1362-10-00,Omega,Constellation,1362.10.00,Champagne,Dress,,kaggle:watch_db,identity_seeded_specs_partial
omega-1368-74-00,Omega,Constellation,1368.74.00,Blue,Dress,,kaggle:watch_db,identity_seeded_specs_partial
omega-1372-70-00,Omega,Constellation,1372.70.00,White,Dress,,kaggle:watch_db,identity_seeded_specs_partial
omega-1376-75-00,Omega,Constellation,1376.75.00,White,Dress,,kaggle:watch_db,identity_seeded_specs_partial
omega-1390-70-00,Omega,Constellation,1390.70.00,White,Sport,,kaggle:watch_db,identity_seeded_specs_partial
omega-1391-71-00,Omega,Constellation,1391.71.00,White,,,kaggle:watch_db,identity_seeded_specs_partial
omega-1392-10-00,Omega,Constellation,1392.10.00,Champagne,Sport,,kaggle:watch_db,identity_seeded_specs_partial
omega-1392-30-00,Omega,Constellation,1392.30.00,Silver,Sport,,kaggle:watch_db,identity_seeded_specs_partial
omega-1396-71-00,Omega,Constellation,1396.71.00,White,,,kaggle:watch_db,identity_seeded_specs_partial
omega-1396-75-00,Omega,Constellation,1396.75.00,White,,,kaggle:watch_db,identity_seeded_specs_partial
omega-1397-76-00,Omega,Constellation,1397.76.00,White,Integrated Bracelet,,kaggle:watch_db,identity_seeded_specs_partial
omega-1458-75-00,Omega,Constellation,1458.75.00,White,Dress,,kaggle:watch_db,identity_seeded_specs_partial
omega-1475-51-00,Omega,Constellation,1475.51.00,Black,Dress,,kaggle:watch_db,identity_seeded_specs_partial
omega-1495-79-00,Omega,Constellation,1495.79.00,White,,,kaggle:watch_db,identity_seeded_specs_partial
omega-1498-75-00,Omega,Constellation,1498.75.00,Silver,,,kaggle:watch_db,identity_seeded_specs_partial
omega-1511-51-00,Omega,Constellation,1511.51.00,Black,Sport,,kaggle:watch_db,identity_seeded_specs_partial
omega-1512-30-00-aka-15123000,Omega,Constellation,1512.30.00,Silver,Dress,,kaggle:watch_db,identity_seeded_specs_partial
omega-1514-20-00-aka-15142000,Omega,Constellation,1514.20.00,White,Chronograph,,kaggle:watch_db,identity_seeded_specs_partial
omega-1514-51-00-aka-15145100,Omega,Constellation,1514.51.00,Black,Chronograph,,kaggle:watch_db,identity_seeded_specs_partial
omega-1516-76-00,Omega,Constellation,1516.76.00,White,Sport,,kaggle:watch_db,identity_seeded_specs_partial
omega-1519-51-00-aka-15195100,Omega,Constellation,1519.51.00,Black,Chronograph,,kaggle:watch_db,identity_seeded_specs_partial
omega-1537-73-00,Omega,Constellation,1537.73.00,Pink,Dress,,kaggle:watch_db,identity_seeded_specs_partial
omega-1561-61-00,Omega,Constellation,1561.61.00,Bronze,Dress,,kaggle:watch_db,identity_seeded_specs_partial
omega-1566-76-00,Omega,Constellation,1566.76.00,White,Dress,,kaggle:watch_db,identity_seeded_specs_partial
omega-1571-61-00,Omega,Constellation,1571.61.00,Brown,Dress,,kaggle:watch_db,identity_seeded_specs_partial
omega-1572-40-00,Omega,Constellation,1572.40.00,Black,Dress,,kaggle:watch_db,identity_seeded_specs_partial
omega-1585-79-00,Omega,Constellation,1585.79.00,White,Dress,,kaggle:watch_db,identity_seeded_specs_partial
omega-1586-72-00,Omega,Constellation,1586.72.00,Blue,Dress,,kaggle:watch_db,identity_seeded_specs_partial
omega-1591-51-00,Omega,Constellation,1591.51.00,Grey,Integrated Bracelet,,kaggle:watch_db,identity_seeded_specs_partial
omega-1591-71-00,Omega,Constellation,1591.71.00,White,,,kaggle:watch_db,identity_seeded_specs_partial
omega-1592-40-00,Omega,Constellation,1592.40.00,Grey,Sport,,kaggle:watch_db,identity_seeded_specs_partial
omega-1619-51-91-aka-16195191,Omega,Constellation,1619.51.91,Black,Chronograph,,kaggle:watch_db,identity_seeded_specs_partial
omega-1631-7656-aka-16317656,Omega,Constellation,1631.7656.,White,Dress,,kaggle:watch_db,identity_seeded_specs_partial
omega-1631-77-60,Omega,Constellation,1631.77.60,Champagne,Dress,,kaggle:watch_db,identity_seeded_specs_partial
omega-1841-76-61,Omega,Constellation,1841.76.61,White,Chronograph,,kaggle:watch_db,identity_seeded_specs_partial
omega-1845-87-31-aka-18458731,Omega,Constellation,1845.87.31,White,Chronograph,,kaggle:watch_db,identity_seeded_specs_partial
omega-1847-76-61,Omega,Constellation,1847.76.61,White,Chronograph,,kaggle:watch_db,identity_seeded_specs_partial
omega-1886-79-33,Omega,Constellation,1886.79.33,White,Dress,,kaggle:watch_db,identity_seeded_specs_partial
omega-1886-79-35,Omega,Constellation,1886.79.35,White,Dress,,kaggle:watch_db,identity_seeded_specs_partial
omega-1900-40-51,Omega,Constellation,1900.40.51,Paved,Sport,,kaggle:watch_db,identity_seeded_specs_partial
omega-1920-18-00,Omega,Constellation,1920.18.00,Multi-Color,Sport,,kaggle:watch_db,identity_seeded_specs_partial
omega-1962-11-94,Omega,Constellation,1962.11.94,Blue,Dress,,kaggle:watch_db,identity_seeded_specs_partial
omega-2005-75-00,Omega,Aqua Terra,2005.75.00,White,Sport,,kaggle:watch_db,identity_seeded_specs_partial
omega-2009-75-00,Omega,Aqua Terra,2009.75.00,White,Sport,,kaggle:watch_db,identity_seeded_specs_partial
omega-210-92-42-20-10-001,Omega,Seamaster Diver 300M,210.92.42.20.10.001,Green,Diver,,kaggle:watch_db,identity_seeded_specs_partial
omega-2102-30-00,Omega,Aqua Terra,2102.30.00,Silver,Sport,,kaggle:watch_db,identity_seeded_specs_partial
omega-2102-50-00,Omega,Aqua Terra,2102.50.00,Black,Sport,,kaggle:watch_db,identity_seeded_specs_partial
omega-2103-30-00,Omega,Aqua Terra,2103.30.00,Silver,Sport,,kaggle:watch_db,identity_seeded_specs_partial
omega-2103-50-00,Omega,Aqua Terra,2103.50.00,Black,Sport,,kaggle:watch_db,identity_seeded_specs_partial
omega-2104-50-00,Omega,Aqua Terra,2104.50.00,Black,Sport,,kaggle:watch_db,identity_seeded_specs_partial
omega-220-10-28-60-51-001-aka-22010286051001,Omega,Aqua Terra,220.10.28.60.51.001,Black,Dress,,kaggle:watch_db,identity_seeded_specs_partial
omega-220-10-28-60-53-001-aka-22010286053001,Omega,Aqua Terra,220.10.28.60.53.001,Blue,Dress,,kaggle:watch_db,identity_seeded_specs_partial
omega-220-10-28-60-54-001-aka-22010286054001,Omega,Aqua Terra,220.10.28.60.54.001,White,Dress,,kaggle:watch_db,identity_seeded_specs_partial
omega-220-10-28-60-55-001-aka-22010286055001,Omega,Aqua Terra,220.10.28.60.55.001,White,Dress,,kaggle:watch_db,identity_seeded_specs_partial
omega-220-10-28-60-60-001-aka-22010286060001,Omega,Aqua Terra,220.10.28.60.60.001,Purple,Dress,,kaggle:watch_db,identity_seeded_specs_partial
omega-220-10-30-20-03-001,Omega,Aqua Terra,220.10.30.20.03.001,Blue,Chronograph,,kaggle:watch_db,identity_seeded_specs_partial
omega-220-10-34-20-01-001-aka-22010342001001,Omega,Aqua Terra,220.10.34.20.01.001,Black,Chronograph,,kaggle:watch_db,identity_seeded_specs_partial
omega-220-10-34-20-02-001-aka-22010342002001,Omega,Aqua Terra,220.10.34.20.02.001,Silver,Chronograph,,kaggle:watch_db,identity_seeded_specs_partial
omega-220-10-34-20-02-002-aka-22010342002002,Omega,Aqua Terra,220.10.34.20.02.002,Silver,Chronograph,,kaggle:watch_db,identity_seeded_specs_partial
omega-220-10-34-20-03-001-aka-22010342003001,Omega,Aqua Terra,220.10.34.20.03.001,Blue,Chronograph,,kaggle:watch_db,identity_seeded_specs_partial
omega-220-10-34-20-03-002-aka-22010342003002,Omega,Aqua Terra,220.10.34.20.03.002,Blue,Chronograph,,kaggle:watch_db,identity_seeded_specs_partial
omega-220-10-34-20-09-001-aka-22010342009001,Omega,Aqua Terra,220.10.34.20.09.001,Beige,Chronograph,,kaggle:watch_db,identity_seeded_specs_partial
omega-220-10-34-20-53-001-aka-22010342053001,Omega,Aqua Terra,220.10.34.20.53.001,Blue,Chronograph,,kaggle:watch_db,identity_seeded_specs_partial
omega-220-10-34-20-55-001-aka-22010342055001,Omega,Aqua Terra,220.10.34.20.55.001,White,Chronograph,,kaggle:watch_db,identity_seeded_specs_partial
omega-220-10-34-20-57-001-aka-22010342057001,Omega,Aqua Terra,220.10.34.20.57.001,Brown,Chronograph,,kaggle:watch_db,identity_seeded_specs_partial
omega-220-10-34-20-60-001-aka-22010342060001,Omega,Aqua Terra,220.10.34.20.60.001,Grey,Chronograph,,kaggle:watch_db,identity_seeded_specs_partial
omega-220-10-34-20-63-001-aka-22010342063001,Omega,Aqua Terra,220.10.34.20.63.001,Brown,Chronograph,,kaggle:watch_db,identity_seeded_specs_partial
omega-220-10-38-20-01-001-aka-22010382001001,Omega,Aqua Terra,220.10.38.20.01.001,Black,Chronograph,,kaggle:watch_db,identity_seeded_specs_partial
omega-220-10-38-20-01-004-aka-22010382001004,Omega,Aqua Terra,220.10.38.20.01.004,Black,Chronograph,,kaggle:watch_db,identity_seeded_specs_partial
omega-220-10-38-20-02-001-aka-22010382002001,Omega,Aqua Terra,220.10.38.20.02.001,Silver,Chronograph,,kaggle:watch_db,identity_seeded_specs_partial
omega-220-10-38-20-02-002-aka-22010382002002,Omega,Aqua Terra,220.10.38.20.02.002,Silver,Chronograph,,kaggle:watch_db,identity_seeded_specs_partial
omega-220-10-38-20-03-001-aka-22010382003001,Omega,Aqua Terra,220.10.38.20.03.001,Blue,Chronograph,,kaggle:watch_db,identity_seeded_specs_partial
omega-220-10-38-20-03-002-aka-22010382003002,Omega,Aqua Terra,220.10.38.20.03.002,Blue,Chronograph,,kaggle:watch_db,identity_seeded_specs_partial
omega-220-10-38-20-03-004-aka-22010382003004,Omega,Aqua Terra,220.10.38.20.03.004,Blue,Chronograph,,kaggle:watch_db,identity_seeded_specs_partial
omega-220-10-38-20-10-003,Omega,Aqua Terra,220.10.38.20.10.003,Green,Chronograph,,kaggle:watch_db,identity_seeded_specs_partial
omega-220-10-38-20-10-004-aka-22010382010004,Omega,Aqua Terra,220.10.38.20.10.004,Purple,Chronograph,,kaggle:watch_db,identity_seeded_specs_partial
omega-220-10-38-20-10-005-aka-22010382010005,Omega,Aqua Terra,220.10.38.20.10.005,Pink,Chronograph,,kaggle:watch_db,identity_seeded_specs_partial
omega-220-10-38-20-52-001-aka-22010382052001,Omega,Aqua Terra,220.10.38.20.52.001,Silver,Chronograph,,kaggle:watch_db,identity_seeded_specs_partial
omega-220-10-38-20-53-001-aka-22010382053001,Omega,Aqua Terra,220.10.38.20.53.001,Blue,Chronograph,,kaggle:watch_db,identity_seeded_specs_partial
omega-220-10-38-20-55-001-aka-22010382055001,Omega,Aqua Terra,220.10.38.20.55.001,White,Chronograph,,kaggle:watch_db,identity_seeded_specs_partial
omega-220-10-38-20-56-001-aka-22010382056001,Omega,Aqua Terra,220.10.38.20.56.001,Grey,Chronograph,,kaggle:watch_db,identity_seeded_specs_partial
omega-220-10-38-20-57-001-aka-22010382057001,Omega,Aqua Terra,220.10.38.20.57.001,Brown,Chronograph,,kaggle:watch_db,identity_seeded_specs_partial
omega-220-10-41-21-01-001-aka-22010412101001,Omega,Aqua Terra,220.10.41.21.01.001,Black,Chronograph,,kaggle:watch_db,identity_seeded_specs_partial
omega-220-10-41-21-02-001-aka-22010412102001,Omega,Aqua Terra,220.10.41.21.02.001,Silver,Chronograph,,kaggle:watch_db,identity_seeded_specs_partial
omega-220-10-41-21-03-001-aka-22010412103001,Omega,Aqua Terra,220.10.41.21.03.001,Blue,Chronograph,,kaggle:watch_db,identity_seeded_specs_partial
omega-220-10-41-21-03-002-aka-22010412103002,Omega,Aqua Terra,220.10.41.21.03.002,Blue,Chronograph,,kaggle:watch_db,identity_seeded_specs_partial
omega-220-10-41-21-03-003-aka-22010412103003,Omega,Aqua Terra,220.10.41.21.03.003,Blue,Chronograph,,kaggle:watch_db,identity_seeded_specs_partial
omega-220-10-41-21-03-004-aka-22010412103004-james-bond-no-time-to-die-007,Omega,Aqua Terra,220.10.41.21.03.004,Blue,Chronograph,,kaggle:watch_db,identity_seeded_specs_partial
omega-220-10-41-21-03-005-aka-22010412103005,Omega,Aqua Terra,220.10.41.21.03.005,Blue,Chronograph,,kaggle:watch_db,identity_seeded_specs_partial
omega-220-10-41-21-06-001-aka-22010412106001,Omega,Aqua Terra,220.10.41.21.06.001,Grey,Chronograph,,kaggle:watch_db,identity_seeded_specs_partial
omega-220-10-41-21-10-001-aka-22010412110001,Omega,Aqua Terra,220.10.41.21.10.001,Green,Chronograph,,kaggle:watch_db,identity_seeded_specs_partial
omega-220-10-43-22-03-001-aka-22010432203001,Omega,Aqua Terra,220.10.43.22.03.001,Blue,GMT,,kaggle:watch_db,identity_seeded_specs_partial
omega-220-12-38-20-01-001-aka-22012382001001,Omega,Aqua Terra,220.12.38.20.01.001,Black,Chronograph,,kaggle:watch_db,identity_seeded_specs_partial
omega-220-12-38-20-02-001-aka-22012382002001,Omega,Aqua Terra,220.12.38.20.02.001,Silver,Chronograph,,kaggle:watch_db,identity_seeded_specs_partial
omega-220-12-38-20-03-001-aka-22012382003001,Omega,Aqua Terra,220.12.38.20.03.001,Blue,Chronograph,,kaggle:watch_db,identity_seeded_specs_partial
omega-220-12-38-20-03-003-aka-22012382003003,Omega,Aqua Terra,220.12.38.20.03.003,Blue,Chronograph,,kaggle:watch_db,identity_seeded_specs_partial
omega-220-12-38-20-10-001-aka-22012382010001,Omega,Aqua Terra,220.12.38.20.10.001,Green,Chronograph,,kaggle:watch_db,identity_seeded_specs_partial
omega-220-12-41-21-01-001-aka-22012412101001,Omega,Aqua Terra,220.12.41.21.01.001,Black,Chronograph,,kaggle:watch_db,identity_seeded_specs_partial
omega-220-12-41-21-01-002-aka-22012412101002-sergio-garcia,Omega,Aqua Terra,220.12.41.21.01.002,Black,Chronograph,,kaggle:watch_db,identity_seeded_specs_partial
omega-220-12-41-21-02-001-aka-22012412102001,Omega,Aqua Terra,220.12.41.21.02.001,Silver,Chronograph,,kaggle:watch_db,identity_seeded_specs_partial
omega-220-12-41-21-02-002-aka-22012412102002,Omega,Aqua Terra,220.12.41.21.02.002,Silver,Chronograph,,kaggle:watch_db,identity_seeded_specs_partial
omega-220-12-41-21-02-003-aka-22012412102003-rory-mcilroy,Omega,Aqua Terra,220.12.41.21.02.003,Silver,Chronograph,,kaggle:watch_db,identity_seeded_specs_partial
omega-220-12-41-21-02-004-aka-22012412102004,Omega,Aqua Terra,220.12.41.21.02.004,Silver,Chronograph,,kaggle:watch_db,identity_seeded_specs_partial
omega-220-12-41-21-03-001-aka-22012412103001,Omega,Aqua Terra,220.12.41.21.03.001,Blue,Chronograph,,kaggle:watch_db,identity_seeded_specs_partial
omega-220-12-41-21-03-002-aka-22012412103002,Omega,Aqua Terra,220.12.41.21.03.002,Blue,Chronograph,,kaggle:watch_db,identity_seeded_specs_partial
omega-220-12-41-21-03-003-aka-22012412103003,Omega,Aqua Terra,220.12.41.21.03.003,Blue,Chronograph,,kaggle:watch_db,identity_seeded_specs_partial
omega-220-12-41-21-03-004-aka-22012412103004,Omega,Aqua Terra,220.12.41.21.03.004,Blue,Chronograph,,kaggle:watch_db,identity_seeded_specs_partial
omega-220-12-41-21-03-007-aka-22012412103007,Omega,Aqua Terra,220.12.41.21.03.007,Blue,Chronograph,,kaggle:watch_db,identity_seeded_specs_partial
omega-220-12-41-21-03-008-aka-22012412103008,Omega,Aqua Terra,220.12.41.21.03.008,Blue,Chronograph,,kaggle:watch_db,identity_seeded_specs_partial
omega-220-12-41-21-03-009,Omega,Aqua Terra,220.12.41.21.03.009,Blue,Chronograph,,kaggle:watch_db,identity_seeded_specs_partial
omega-220-12-41-21-06-001-aka-22012412106001,Omega,Aqua Terra,220.12.41.21.06.001,Grey,Chronograph,,kaggle:watch_db,identity_seeded_specs_partial
omega-220-12-43-22-03-001-aka-22012432203001,Omega,Aqua Terra,220.12.43.22.03.001,Blue,GMT,,kaggle:watch_db,identity_seeded_specs_partial
omega-220-13-38-20-01-001-aka-22013382001001,Omega,Aqua Terra,220.13.38.20.01.001,Black,Chronograph,,kaggle:watch_db,identity_seeded_specs_partial
omega-220-13-38-20-02-001-aka-22013382002001,Omega,Aqua Terra,220.13.38.20.02.001,Silver,Chronograph,,kaggle:watch_db,identity_seeded_specs_partial
omega-220-13-38-20-03-001-aka-22013382003001,Omega,Aqua Terra,220.13.38.20.03.001,Blue,Chronograph,,kaggle:watch_db,identity_seeded_specs_partial
omega-220-13-41-21-01-001-aka-22013412101001,Omega,Aqua Terra,220.13.41.21.01.001,Black,Chronograph,,kaggle:watch_db,identity_seeded_specs_partial
omega-220-13-41-21-03-001-aka-22013412103001,Omega,Aqua Terra,220.13.41.21.03.001,Blue,Chronograph,,kaggle:watch_db,identity_seeded_specs_partial
omega-220-13-41-21-03-002-aka-22013412103002,Omega,Aqua Terra,220.13.41.21.03.002,Blue,Chronograph,,kaggle:watch_db,identity_seeded_specs_partial
omega-220-13-41-21-03-003-aka-22013412103003,Omega,Aqua Terra,220.13.41.21.03.003,Blue,Chronograph,,kaggle:watch_db,identity_seeded_specs_partial
omega-220-13-41-21-06-001-aka-22013412106001,Omega,Aqua Terra,220.13.41.21.06.001,Grey,Chronograph,,kaggle:watch_db,identity_seeded_specs_partial
omega-220-13-41-21-10-001-aka-22013412110001,Omega,Aqua Terra,220.13.41.21.10.001,Green,Chronograph,,kaggle:watch_db,identity_seeded_specs_partial
omega-220-15-30-20-56-001,Omega,Aqua Terra,220.15.30.20.56.001,Grey,Chronograph,,kaggle:watch_db,identity_seeded_specs_partial
omega-220-15-34-20-55-001-aka-22015342055001,Omega,Aqua Terra,220.15.34.20.55.001,White,Chronograph,,kaggle:watch_db,identity_seeded_specs_partial
omega-220-15-34-20-57-001-aka-22015342057001,Omega,Aqua Terra,220.15.34.20.57.001,Brown,Chronograph,,kaggle:watch_db,identity_seeded_specs_partial
omega-220-15-38-20-55-001-aka-22015382055001,Omega,Aqua Terra,220.15.38.20.55.001,White,Chronograph,,kaggle:watch_db,identity_seeded_specs_partial
omega-220-15-38-20-57-001-aka-22015382057001,Omega,Aqua Terra,220.15.38.20.57.001,Brown,Chronograph,,kaggle:watch_db,identity_seeded_specs_partial
omega-220-20-30-20-02-001,Omega,Aqua Terra,220.20.30.20.02.001,Silver,Chronograph,,kaggle:watch_db,identity_seeded_specs_partial
omega-220-20-34-20-03-001-aka-22020342003001,Omega,Aqua Terra,220.20.34.20.03.001,Blue,Chronograph,,kaggle:watch_db,identity_seeded_specs_partial
omega-220-20-34-20-06-001-aka-22020342006001,Omega,Aqua Terra,220.20.34.20.06.001,Grey,Chronograph,,kaggle:watch_db,identity_seeded_specs_partial
omega-220-20-34-20-08-001-aka-22020342008001,Omega,Aqua Terra,220.20.34.20.08.001,Champagne,Chronograph,,kaggle:watch_db,identity_seeded_specs_partial
omega-220-20-34-20-10-001-aka-22020342010001,Omega,Aqua Terra,220.20.34.20.10.001,Rose,Chronograph,,kaggle:watch_db,identity_seeded_specs_partial
omega-220-20-34-20-10-002-aka-22020342010002,Omega,Aqua Terra,220.20.34.20.10.002,Green,Chronograph,,kaggle:watch_db,identity_seeded_specs_partial
omega-220-20-34-20-52-001-aka-22020342052001,Omega,Aqua Terra,220.20.34.20.52.001,Silver,Chronograph,,kaggle:watch_db,identity_seeded_specs_partial
omega-220-20-34-20-53-001-aka-22020342053001,Omega,Aqua Terra,220.20.34.20.53.001,Blue,Chronograph,,kaggle:watch_db,identity_seeded_specs_partial
omega-220-20-34-20-55-001-aka-22020342055001,Omega,Aqua Terra,220.20.34.20.55.001,White,Chronograph,,kaggle:watch_db,identity_seeded_specs_partial
omega-220-20-34-20-59-001-aka-22020342059001,Omega,Aqua Terra,220.20.34.20.59.001,Grey,Chronograph,,kaggle:watch_db,identity_seeded_specs_partial
omega-220-20-34-20-60-001-aka-22020342060001,Omega,Aqua Terra,220.20.34.20.60.001,Pink,Chronograph,,kaggle:watch_db,identity_seeded_specs_partial
omega-220-20-38-20-02-001-aka-22020382002001,Omega,Aqua Terra,220.20.38.20.02.001,Silver,Chronograph,,kaggle:watch_db,identity_seeded_specs_partial
omega-220-20-38-20-02-002-aka-22020382002002,Omega,Aqua Terra,220.20.38.20.02.002,Silver,Chronograph,,kaggle:watch_db,identity_seeded_specs_partial
omega-220-20-38-20-03-001-aka-22020382003001,Omega,Aqua Terra,220.20.38.20.03.001,Blue,Chronograph,,kaggle:watch_db,identity_seeded_specs_partial
omega-220-20-38-20-09-001-aka-22020382009001,Omega,Aqua Terra,220.20.38.20.09.001,Beige,Chronograph,,kaggle:watch_db,identity_seeded_specs_partial
omega-220-20-38-20-10-002-aka-22020382010002,Omega,Aqua Terra,220.20.38.20.10.002,Red,Chronograph,,kaggle:watch_db,identity_seeded_specs_partial
omega-220-20-38-20-55-001-aka-22020382055001,Omega,Aqua Terra,220.20.38.20.55.001,White,Chronograph,,kaggle:watch_db,identity_seeded_specs_partial
omega-220-20-38-20-56-001-aka-22020382056001,Omega,Aqua Terra,220.20.38.20.56.001,Grey,Chronograph,,kaggle:watch_db,identity_seeded_specs_partial
omega-220-20-38-20-56-002-aka-22020382056002,Omega,Aqua Terra,220.20.38.20.56.002,Grey,Chronograph,,kaggle:watch_db,identity_seeded_specs_partial
omega-220-20-41-21-06-001-aka-22020412106001,Omega,Aqua Terra,220.20.41.21.06.001,Grey,Chronograph,,kaggle:watch_db,identity_seeded_specs_partial
omega-220-22-38-20-02-001-aka-22022382002001,Omega,Aqua Terra,220.22.38.20.02.001,Silver,Chronograph,,kaggle:watch_db,identity_seeded_specs_partial
omega-220-22-41-21-02-001-aka-22022412102001,Omega,Aqua Terra,220.22.41.21.02.001,Silver,Chronograph,,kaggle:watch_db,identity_seeded_specs_partial
omega-220-22-41-21-03-001-aka-22022412103001,Omega,Aqua Terra,220.22.41.21.03.001,Blue,Chronograph,,kaggle:watch_db,identity_seeded_specs_partial
omega-220-23-38-20-03-001-aka-22023382003001,Omega,Aqua Terra,220.23.38.20.03.001,Blue,Chronograph,,kaggle:watch_db,identity_seeded_specs_partial
omega-220-23-38-20-06-001-aka-22023382006001,Omega,Aqua Terra,220.23.38.20.06.001,Grey,Chronograph,,kaggle:watch_db,identity_seeded_specs_partial
omega-220-23-41-21-02-001-aka-22023412102001,Omega,Aqua Terra,220.23.41.21.02.001,Grey,Chronograph,,kaggle:watch_db,identity_seeded_specs_partial
omega-220-25-30-20-55-001,Omega,Aqua Terra,220.25.30.20.55.001,White,Chronograph,,kaggle:watch_db,identity_seeded_specs_partial
omega-220-25-34-20-55-001-aka-22025342055001,Omega,Aqua Terra,220.25.34.20.55.001,White,Chronograph,,kaggle:watch_db,identity_seeded_specs_partial
omega-220-25-34-20-59-001-aka-22025342059001,Omega,Aqua Terra,220.25.34.20.59.001,Grey,Chronograph,,kaggle:watch_db,identity_seeded_specs_partial
omega-220-25-34-20-60-001-aka-22025342060001,Omega,Aqua Terra,220.25.34.20.60.001,Pink,Chronograph,,kaggle:watch_db,identity_seeded_specs_partial
omega-220-25-38-20-55-001-aka-22025382055001,Omega,Aqua Terra,220.25.38.20.55.001,White,Chronograph,,kaggle:watch_db,identity_seeded_specs_partial
omega-220-28-34-20-60-001-aka-22028342060001,Omega,Aqua Terra,220.28.34.20.60.001,Pink,Chronograph,,kaggle:watch_db,identity_seeded_specs_partial
omega-220-30-43-22-10-001-aka-22030432210001,Omega,Aqua Terra,220.30.43.22.10.001,Green,GMT,,kaggle:watch_db,identity_seeded_specs_partial
omega-220-32-38-20-03-001-aka-22032382003001,Omega,Aqua Terra,220.32.38.20.03.001,Turquoise,Chronograph,,kaggle:watch_db,identity_seeded_specs_partial
omega-220-32-41-21-03-001-aka-22032412103001,Omega,Aqua Terra,220.32.41.21.03.001,Turquoise,Chronograph,,kaggle:watch_db,identity_seeded_specs_partial
omega-220-32-43-22-10-001-aka-22032432210001,Omega,Aqua Terra,220.32.43.22.10.001,Green,GMT,,kaggle:watch_db,identity_seeded_specs_partial
omega-220-50-30-20-08-001,Omega,Aqua Terra,220.50.30.20.08.001,Champagne,Chronograph,,kaggle:watch_db,identity_seeded_specs_partial
omega-220-50-30-20-09-001,Omega,Aqua Terra,220.50.30.20.09.001,Beige,Chronograph,,kaggle:watch_db,identity_seeded_specs_partial
omega-220-50-34-20-02-001-aka-22050342002001,Omega,Aqua Terra,220.50.34.20.02.001,Silver,Chronograph,,kaggle:watch_db,identity_seeded_specs_partial
omega-220-50-34-20-08-001-aka-22050342008001,Omega,Aqua Terra,220.50.34.20.08.001,Silver,Chronograph,,kaggle:watch_db,identity_seeded_specs_partial
omega-220-50-34-20-09-001-aka-22050342009001,Omega,Aqua Terra,220.50.34.20.09.001,Beige,Chronograph,,kaggle:watch_db,identity_seeded_specs_partial
omega-220-50-38-20-03-001-aka-22050382003001,Omega,Aqua Terra,220.50.38.20.03.001,Blue,Chronograph,,kaggle:watch_db,identity_seeded_specs_partial
omega-220-50-38-20-08-001-aka-22050382008001,Omega,Aqua Terra,220.50.38.20.08.001,Champagne,Chronograph,,kaggle:watch_db,identity_seeded_specs_partial
omega-220-50-38-20-10-001-aka-22050382010001,Omega,Aqua Terra,220.50.38.20.10.001,Rose,Chronograph,,kaggle:watch_db,identity_seeded_specs_partial
omega-220-50-41-21-02-001-aka-22050412102001,Omega,Aqua Terra,220.50.41.21.02.001,Grey,Chronograph,,kaggle:watch_db,identity_seeded_specs_partial
omega-220-50-41-21-10-001,Omega,Aqua Terra,220.50.41.21.10.001,Green,Chronograph,,kaggle:watch_db,identity_seeded_specs_partial
omega-220-50-43-22-02-001-aka-22050432202001,Omega,Aqua Terra,220.50.43.22.02.001,Silver,GMT,,kaggle:watch_db,identity_seeded_specs_partial
omega-220-52-41-21-03-001-aka-22052412103001,Omega,Aqua Terra,220.52.41.21.03.001,Blue,Chronograph,,kaggle:watch_db,identity_seeded_specs_partial
omega-220-52-41-21-10-001-aka-22052412110001,Omega,Aqua Terra,220.52.41.21.10.001,Green,Chronograph,,kaggle:watch_db,identity_seeded_specs_partial
omega-220-53-38-20-10-001-aka-22053382010001,Omega,Aqua Terra,220.53.38.20.10.001,Green,Chronograph,,kaggle:watch_db,identity_seeded_specs_partial
omega-220-53-41-21-13-001-aka-22053412113001,Omega,Aqua Terra,220.53.41.21.13.001,Brown,Chronograph,,kaggle:watch_db,identity_seeded_specs_partial
omega-220-53-43-22-02-001-aka-22053432202001,Omega,Aqua Terra,220.53.43.22.02.001,Silver,GMT,,kaggle:watch_db,identity_seeded_specs_partial
omega-220-55-30-20-55-001,Omega,Aqua Terra,220.55.30.20.55.001,White,Chronograph,,kaggle:watch_db,identity_seeded_specs_partial
omega-220-55-30-20-60-001,Omega,Aqua Terra,220.55.30.20.60.001,Green,Chronograph,,kaggle:watch_db,identity_seeded_specs_partial
omega-220-55-34-20-55-001-aka-22055342055001,Omega,Aqua Terra,220.55.34.20.55.001,White,Chronograph,,kaggle:watch_db,identity_seeded_specs_partial
omega-220-55-34-20-60-001-aka-22055342060001,Omega,Aqua Terra,220.55.34.20.60.001,Purple,Chronograph,,kaggle:watch_db,identity_seeded_specs_partial
omega-220-55-34-20-60-002,Omega,Aqua Terra,220.55.34.20.60.002,Salmon,Chronograph,,kaggle:watch_db,identity_seeded_specs_partial
omega-220-55-34-20-99-001-aka-22055342099001,Omega,Aqua Terra,220.55.34.20.99.001,Paved,Chronograph,,kaggle:watch_db,identity_seeded_specs_partial
omega-220-55-34-20-99-002-aka-22055342099002,Omega,Aqua Terra,220.55.34.20.99.002,Paved,Chronograph,,kaggle:watch_db,identity_seeded_specs_partial
omega-220-55-34-20-99-003-aka-22055342099003,Omega,Aqua Terra,220.55.34.20.99.003,Paved,Chronograph,,kaggle:watch_db,identity_seeded_specs_partial
omega-220-55-34-20-99-004-aka-22055342099004,Omega,Aqua Terra,220.55.34.20.99.004,Paved,Chronograph,,kaggle:watch_db,identity_seeded_specs_partial
omega-220-55-34-20-99-005-aka-22055342099005,Omega,Aqua Terra,220.55.34.20.99.005,Paved,Chronograph,,kaggle:watch_db,identity_seeded_specs_partial
omega-220-55-34-20-99-006-aka-22055342099006,Omega,Aqua Terra,220.55.34.20.99.006,Paved,Chronograph,,kaggle:watch_db,identity_seeded_specs_partial
omega-220-55-38-20-99-002,Omega,Aqua Terra,220.55.38.20.99.002,Champagne,Chronograph,,kaggle:watch_db,identity_seeded_specs_partial
omega-220-55-38-20-99-003-aka-22055382099003,Omega,Aqua Terra,220.55.38.20.99.003,Silver,Chronograph,,kaggle:watch_db,identity_seeded_specs_partial
omega-220-58-34-20-55-001-aka-22058342055001,Omega,Aqua Terra,220.58.34.20.55.001,White,Chronograph,,kaggle:watch_db,identity_seeded_specs_partial
omega-220-58-34-20-99-001-aka-22058342099001,Omega,Aqua Terra,220.58.34.20.99.001,Paved,Chronograph,,kaggle:watch_db,identity_seeded_specs_partial
omega-220-58-34-20-99-002-aka-22058342099002,Omega,Aqua Terra,220.58.34.20.99.002,Paved,Chronograph,,kaggle:watch_db,identity_seeded_specs_partial
omega-220-58-34-20-99-003-aka-22058342099003,Omega,Aqua Terra,220.58.34.20.99.003,Paved,Chronograph,,kaggle:watch_db,identity_seeded_specs_partial
omega-220-58-34-20-99-004-aka-22058342099004,Omega,Aqua Terra,220.58.34.20.99.004,Paved,Chronograph,,kaggle:watch_db,identity_seeded_specs_partial
omega-220-58-34-20-99-005-aka-22058342099005,Omega,Aqua Terra,220.58.34.20.99.005,Paved,Chronograph,,kaggle:watch_db,identity_seeded_specs_partial
omega-220-58-34-20-99-006-aka-22058342099006,Omega,Aqua Terra,220.58.34.20.99.006,Paved,Chronograph,,kaggle:watch_db,identity_seeded_specs_partial
omega-220-58-34-20-99-008-aka-22058342099008,Omega,Aqua Terra,220.58.34.20.99.008,Champagne,Chronograph,,kaggle:watch_db,identity_seeded_specs_partial
omega-220-58-38-20-55-001-aka-22058382055001,Omega,Aqua Terra,220.58.38.20.55.001,White,Chronograph,,kaggle:watch_db,identity_seeded_specs_partial
omega-220-58-38-20-55-002-aka-22058382055002,Omega,Aqua Terra,220.58.38.20.55.002,White,Chronograph,,kaggle:watch_db,identity_seeded_specs_partial
omega-220-58-38-20-99-001-aka-22058382099001,Omega,Aqua Terra,220.58.38.20.99.001,Paved,Chronograph,,kaggle:watch_db,identity_seeded_specs_partial
omega-220-58-38-20-99-002-aka-22058382099002,Omega,Aqua Terra,220.58.38.20.99.002,Paved,Chronograph,,kaggle:watch_db,identity_seeded_specs_partial
omega-220-58-38-20-99-003-aka-22058382099003,Omega,Aqua Terra,220.58.38.20.99.003,Paved,Chronograph,,kaggle:watch_db,identity_seeded_specs_partial
omega-220-58-38-20-99-004-aka-22058382099004,Omega,Aqua Terra,220.58.38.20.99.004,Paved,Chronograph,,kaggle:watch_db,identity_seeded_specs_partial
omega-220-58-38-20-99-005-aka-22058382099005,Omega,Aqua Terra,220.58.38.20.99.005,Paved,Chronograph,,kaggle:watch_db,identity_seeded_specs_partial
omega-220-58-38-20-99-006-aka-22058382099006,Omega,Aqua Terra,220.58.38.20.99.006,Paved,Chronograph,,kaggle:watch_db,identity_seeded_specs_partial
omega-220-58-38-20-99-007-aka-22058382099007,Omega,Aqua Terra,220.58.38.20.99.007,Pink,Chronograph,,kaggle:watch_db,identity_seeded_specs_partial
omega-220-92-41-21-06-001-aka-22092412106001,Omega,Aqua Terra,220.92.41.21.06.001,Grey,Chronograph,,kaggle:watch_db,identity_seeded_specs_partial
omega-220-92-41-21-06-002,Omega,Aqua Terra,220.92.41.21.06.002,Grey,Chronograph,,kaggle:watch_db,identity_seeded_specs_partial
omega-220-92-41-21-06-003-aka-22092412106003,Omega,Aqua Terra,220.92.41.21.06.003,Grey,Chronograph,,kaggle:watch_db,identity_seeded_specs_partial
omega-220-92-43-22-99-001-aka-22092432299001,Omega,Aqua Terra,220.92.43.22.99.001,Grey,GMT,,kaggle:watch_db,identity_seeded_specs_partial
omega-220-93-43-22-99-001-aka-22093432299001,Omega,Aqua Terra,220.93.43.22.99.001,Silver,GMT,,kaggle:watch_db,identity_seeded_specs_partial
omega-221-10-42-40-01-002-aka-22110424001002,Omega,Aqua Terra,221.10.42.40.01.002,Black,Chronograph,,kaggle:watch_db,identity_seeded_specs_partial
omega-221-20-42-40-01-001-aka-22120424001001,Omega,Aqua Terra,221.20.42.40.01.001,Black,Chronograph,,kaggle:watch_db,identity_seeded_specs_partial
omega-221-20-42-40-01-002-aka-22120424001002,Omega,Aqua Terra,221.20.42.40.01.002,Black,Chronograph,,kaggle:watch_db,identity_seeded_specs_partial
omega-2309-75-00,Omega,Aqua Terra,2309.75.00,White,Sport,,kaggle:watch_db,identity_seeded_specs_partial
omega-231-10-30-20-02-001-aka-23110302002001,Omega,Aqua Terra,231.10.30.20.02.001,Silver,Sport,,kaggle:watch_db,identity_seeded_specs_partial
omega-231-10-30-60-02-001-aka-23110306002001,Omega,Aqua Terra,231.10.30.60.02.001,Silver,Sport,,kaggle:watch_db,identity_seeded_specs_partial
omega-231-10-30-60-06-001-aka-23110306006001,Omega,Aqua Terra,231.10.30.60.06.001,Grey,Sport,,kaggle:watch_db,identity_seeded_specs_partial
omega-231-10-30-61-02-001-aka-23110306102001,Omega,Aqua Terra,231.10.30.61.02.001,Silver,Chronograph,,kaggle:watch_db,identity_seeded_specs_partial
omega-231-10-30-61-55-001-aka-23110306155001,Omega,Aqua Terra,231.10.30.61.55.001,White,Chronograph,,kaggle:watch_db,identity_seeded_specs_partial
omega-231-10-30-61-56-001-aka-23110306156001,Omega,Aqua Terra,231.10.30.61.56.001,Grey,Chronograph,,kaggle:watch_db,identity_seeded_specs_partial
omega-231-10-34-20-55-001-aka-23110342055001,Omega,Aqua Terra,231.10.34.20.55.001,White,Sport,,kaggle:watch_db,identity_seeded_specs_partial
omega-231-10-34-20-55-002-aka-23110342055002,Omega,Aqua Terra,231.10.34.20.55.002,White,Sport,,kaggle:watch_db,identity_seeded_specs_partial
omega-231-10-34-20-57-002-aka-23110342057002,Omega,Aqua Terra,231.10.34.20.57.002,Blue,Sport,,kaggle:watch_db,identity_seeded_specs_partial
omega-231-10-34-20-57-003-aka-23110342057003,Omega,Aqua Terra,231.10.34.20.57.003,Pink,Sport,,kaggle:watch_db,identity_seeded_specs_partial
omega-231-10-39-21-01-001-aka-23110392101001,Omega,Aqua Terra,231.10.39.21.01.001,Black,Sport,,kaggle:watch_db,identity_seeded_specs_partial
omega-231-10-39-21-01-002-aka-23110392101002,Omega,Aqua Terra,231.10.39.21.01.002,Black,Chronograph,,kaggle:watch_db,identity_seeded_specs_partial
omega-231-10-39-21-02-001-aka-23110392102001,Omega,Aqua Terra,231.10.39.21.02.001,Silver,Sport,,kaggle:watch_db,identity_seeded_specs_partial
omega-231-10-39-21-03-001-aka-23110392103001-james-bond-007-skyfall,Omega,Aqua Terra,231.10.39.21.03.001,Blue,Sport,,kaggle:watch_db,identity_seeded_specs_partial
omega-231-10-39-21-03-002-aka-23110392103002,Omega,Aqua Terra,231.10.39.21.03.002,Blue,Chronograph,,kaggle:watch_db,identity_seeded_specs_partial
omega-231-10-39-21-06-001-aka-23110392106001,Omega,Aqua Terra,231.10.39.21.06.001,Grey,Sport,,kaggle:watch_db,identity_seeded_specs_partial
omega-231-10-39-21-54-001-aka-23110392154001,Omega,Aqua Terra,231.10.39.21.54.001,White,Sport,,kaggle:watch_db,identity_seeded_specs_partial
omega-231-10-39-21-57-001-aka-23110392157001,Omega,Aqua Terra,231.10.39.21.57.001,Grey,Sport,,kaggle:watch_db,identity_seeded_specs_partial
omega-231-10-39-22-01-001-aka-23110392201001,Omega,Aqua Terra,231.10.39.22.01.001,Black,Sport,,kaggle:watch_db,identity_seeded_specs_partial
omega-231-10-39-22-02-001-aka-23110392202001,Omega,Aqua Terra,231.10.39.22.02.001,Silver,Sport,,kaggle:watch_db,identity_seeded_specs_partial
omega-231-10-39-22-03-001-aka-23110392203001,Omega,Aqua Terra,231.10.39.22.03.001,Blue,Sport,,kaggle:watch_db,identity_seeded_specs_partial
omega-231-10-39-60-02-001-aka-23110396002001,Omega,Aqua Terra,231.10.39.60.02.001,Silver,Sport,,kaggle:watch_db,identity_seeded_specs_partial
omega-231-10-39-60-06-001-aka-23110396006001,Omega,Aqua Terra,231.10.39.60.06.001,Grey,Sport,,kaggle:watch_db,identity_seeded_specs_partial
omega-231-10-39-61-02-001-aka-23110396102001,Omega,Aqua Terra,231.10.39.61.02.001,Silver,Sport,,kaggle:watch_db,identity_seeded_specs_partial
omega-231-10-39-61-06-001-aka-23110396106001,Omega,Aqua Terra,231.10.39.61.06.001,Grey,Sport,,kaggle:watch_db,identity_seeded_specs_partial
omega-231-10-42-21-01-001-aka-23110422101001,Omega,Aqua Terra,231.10.42.21.01.001,Black,Chronograph,,kaggle:watch_db,identity_seeded_specs_partial
omega-231-10-42-21-01-002-aka-23110422101002,Omega,Aqua Terra,231.10.42.21.01.002,Black,Chronograph,,kaggle:watch_db,identity_seeded_specs_partial
omega-231-10-42-21-01-003-aka-23110422101003,Omega,Aqua Terra,231.10.42.21.01.003,Black,Chronograph,,kaggle:watch_db,identity_seeded_specs_partial
omega-231-10-42-21-01-004-aka-23110422101004,Omega,Aqua Terra,231.10.42.21.01.004,Black,Chronograph,,kaggle:watch_db,identity_seeded_specs_partial
omega-231-10-42-21-01-006-aka-23110422101006,Omega,Aqua Terra,231.10.42.21.01.006,Black,Diver,,kaggle:watch_db,identity_seeded_specs_partial
omega-231-10-42-21-02-001-aka-23110422102001,Omega,Aqua Terra,231.10.42.21.02.001,Silver,Chronograph,,kaggle:watch_db,identity_seeded_specs_partial
omega-231-10-42-21-02-002-aka-23110422102002,Omega,Aqua Terra,231.10.42.21.02.002,Silver,Chronograph,,kaggle:watch_db,identity_seeded_specs_partial
omega-231-10-42-21-02-003-aka-23110422102003,Omega,Aqua Terra,231.10.42.21.02.003,Silver,Chronograph,,kaggle:watch_db,identity_seeded_specs_partial
omega-231-10-42-21-02-004-aka-23110422102004,Omega,Aqua Terra,231.10.42.21.02.004,Silver,Chronograph,,kaggle:watch_db,identity_seeded_specs_partial
omega-231-10-42-21-02-005-aka-23110422102005,Omega,Aqua Terra,231.10.42.21.02.005,Silver,Sport,,kaggle:watch_db,identity_seeded_specs_partial
